{
    "/users/rh/.cache/modelscope/hub/models/LLM-Research/Llama-3.2-1B/converted_bin_v2": {
        "1": {
            "decoding_large_small_bs_threshold": 95,
            "prefill": [
                76.37105754510645,
                0.01232176940710969,
                -4.527328495973773e-06
            ],
            "decoding_smallbs": [
                14.520514861020969,
                0.14154934063742516,
                4.243630638035054e-05,
                0
            ],
            "decoding_largebs": [
                14.520514861020969,
                0.14154934063742516,
                4.243630638035054e-05,
                0
            ]
        }
    },
    "/users/rh/.cache/modelscope/hub/models/LLM-Research/Llama-3.2-3B/converted_bin_v2": {
        "1": {
            "decoding_large_small_bs_threshold": 95,
            "prefill": [
                119.89858971821978,
                0.02426249056479701,
                -1.2007566889401356e-05
            ],
            "decoding_smallbs": [
                24.391665290975595,
                0.18391119767910272,
                0.00011470792467404244,
                0
            ],
            "decoding_largebs": [
                24.391665290975595,
                0.18391119767910272,
                0.00011470792467404244,
                0
            ]
        }
    },
    "/users/rh/.cache/modelscope/hub/models/LLM-Research/Meta-Llama-3.1-8B/converted_bin_v2": {
        "1": {
            "decoding_large_small_bs_threshold": 95,
            "prefill": [
                152.4256460403543,
                0.026754267490986975,
                -1.3963644453148913e-05
            ],
            "decoding_smallbs": [
                30.18240172671289,
                0.20887442059340144,
                0.0001578168416914728,
                0
            ],
            "decoding_largebs": [
                30.18240172671289,
                0.20887442059340144,
                0.0001578168416914728,
                0
            ]
        }
    },
    "/users/rh/.cache/modelscope/hub/models/LLM-Research/llama-2-7b/converted_bin_v2": {
        "1": {
            "decoding_large_small_bs_threshold": 95,
            "prefill": [
                158.6821294796381,
                0.1377512103837861,
                -2.3675284878882097e-05
            ],
            "decoding_smallbs": [
                28.232326117076628,
                0.16793907852315174,
                0.0005985262937143605,
                0
            ],
            "decoding_largebs": [
                28.232326117076628,
                0.16793907852315174,
                0.0005985262937143605,
                0
            ]
        }
    }
}
