{
    "/users/rh/.cache/modelscope/hub/models/LLM-Research/Llama-3.2-1B/converted_bin_v2": {
        "1": {
            "decoding_large_small_bs_threshold": 95,
            "prefill": [
                76.35414127466028,
                0.011059933474059364,
                -4.4997224640942405e-06
            ],
            "decoding_smallbs": [
                14.45849486715884,
                0.1400691363007649,
                3.956558729415031e-05,
                0
            ],
            "decoding_largebs": [
                14.45849486715884,
                0.1400691363007649,
                3.956558729415031e-05,
                0
            ]
        }
    },
    "/users/rh/.cache/modelscope/hub/models/LLM-Research/Llama-3.2-3B/converted_bin_v2": {
        "1": {
            "decoding_large_small_bs_threshold": 95,
            "prefill": [
                119.30564906599163,
                0.02568415625016985,
                -1.3592305333119975e-05
            ],
            "decoding_smallbs": [
                24.41093058557324,
                0.18016791926660436,
                0.00011290729377042538,
                0
            ],
            "decoding_largebs": [
                24.41093058557324,
                0.18016791926660436,
                0.00011290729377042538,
                0
            ]
        }
    },
    "/users/rh/.cache/modelscope/hub/models/LLM-Research/Meta-Llama-3.1-8B/converted_bin_v2": {
        "1": {
            "decoding_large_small_bs_threshold": 95,
            "prefill": [
                151.8171773085484,
                0.02942865544320006,
                -1.730767363766835e-05
            ],
            "decoding_smallbs": [
                30.107190999589687,
                0.18723007678229958,
                0.0001843739596458938,
                0
            ],
            "decoding_largebs": [
                30.107190999589687,
                0.18723007678229958,
                0.0001843739596458938,
                0
            ]
        }
    },
    "/users/rh/.cache/modelscope/hub/models/LLM-Research/llama-2-7b/converted_bin_v2": {
        "1": {
            "decoding_large_small_bs_threshold": 95,
            "prefill": [
                157.41590049291557,
                0.14093828453914584,
                -2.575317099136303e-05
            ],
            "decoding_smallbs": [
                28.308811277100098,
                0.19751478241578982,
                0.0005157585731337801,
                0
            ],
            "decoding_largebs": [
                28.308811277100098,
                0.19751478241578982,
                0.0005157585731337801,
                0
            ]
        }
    }
}
