{
  "num_requests": 120,
  "num_prefill_batches": 115,
  "num_decode_rounds": 5372,
  "prefill_latency_ms": {
    "mean": 280.4518341358441,
    "p50": 183.31026600208133,
    "p90": 686.2889056792484,
    "p95": 736.2141134333796
  },
  "decode_forward_time_ms": {
    "mean": 28.76173912108739,
    "p50": 29.586666612885892,
    "p90": 34.805579646490514,
    "p95": 35.46154729556292
  }
}
