{
    "huggyllama/llama-7b": {
        "1": {
            "decoding_large_small_bs_threshold": 95,
            "prefill": [
                7.832312675258696,
                0.059631816448696036,
                1.0093563310122469e-05
            ],
            "decoding_smallbs": [
                7.06488905847885,
                0.0009331670190396817,
                7.0648890584788475
            ],
            "decoding_largebs": []
        }
    }
}