{
    "anonymous4chan/llama-2-7b": {
        "1": {
            "decoding_large_small_bs_threshold": 95,
            "prefill": [
                10.877798182174743,
                0.05865711578527853,
                9.56900679479236e-06
            ],
            "decoding_smallbs": [
                13.740884716285635,
                0.00043443538216641163,
                0.02891686179378267
            ],
            "decoding_largebs": [
                13.935469456823766,
                0.0004016019339542613,
                0.037483633459574305
            ]
        },
        "2": {
            "decoding_large_small_bs_threshold": 95,
            "prefill": [
                10.997951105749495,
                0.10673164693415162,
                3.0922685276215395e-06
            ],
            "decoding_smallbs": [
                10.335359193274401,
                0.000257879416310813,
                0.12978744841884798
            ],
            "decoding_largebs": [
                13.33799381987565,
                0.0002197404075656396,
                0.08891874094880316
            ]
        }
    },
    "facebook/opt-13b": {
        "1": {
            "decoding_large_small_bs_threshold": 95,
            "prefill": [
                18.23175599825517,
                0.10949226678389479,
                1.0985814868945233e-05
            ],
            "decoding_smallbs": [
                23.141477974529057,
                0.0007585341753688687,
                0.05280433013032151
            ],
            "decoding_largebs": [
                22.70964782889387,
                0.0006232293600627794,
                0.07831623781756474
            ]
        },
        "2": {
            "decoding_large_small_bs_threshold": 95,
            "prefill": [
                16.08277595253145,
                0.17336135045237733,
                8.96446254820395e-06
            ],
            "decoding_smallbs": [
                15.808701817300538,
                0.00042158693668371784,
                0.19185461925993733
            ],
            "decoding_largebs": [
                20.271093147148342,
                0.00038594321661584606,
                0.1389293188739849
            ]
        }
    },
    "huggyllama/llama-7b": {
        "1": {
            "decoding_large_small_bs_threshold": 95,
            "prefill": [
                10.835272051949168,
                0.05862366501635551,
                1.0177008354138559e-05
            ],
            "decoding_smallbs": [
                13.69333260179679,
                0.00043304905631756847,
                0.02892028495417548
            ],
            "decoding_largebs": [
                13.717388758527509,
                0.000402992189175376,
                0.039059609009338116
            ]
        },
        "2": {
            "decoding_large_small_bs_threshold": 95,
            "prefill": [
                11.102783062852867,
                0.1063092775338446,
                3.7706597906439494e-06
            ],
            "decoding_smallbs": [
                10.287862919518098,
                0.0002579809505070779,
                0.13214743640749696
            ],
            "decoding_largebs": [
                12.665758400220662,
                0.0002158945821658057,
                0.09687280215523589
            ]
        }
    }
}