model,tp,pp,single_gpu_memory,block_size,gpu_memory_utilization,num_nodes,num_gpus_per_node,activation_memory_factor,fixed_overhead_factor,model_size_per_gpu_gb,single_gpu_peak_runtime_gb,available_kv_memory_per_gpu_gb,kv_per_token_bytes,kv_per_token_mb,num_blocks_per_gpu,total_num_blocks,total_max_num_tokens,max_num_tokens_per_gpu,total_gpus,required_gpus
/users/rh/.cache/modelscope/hub/models/LLM-Research/llama-2-7b/converted_bin_v2,1,1,42405855232,16,0.95,1,2,0.2,0.1,12.307136535644531,18.72572937011719,18.793124389648437,524288.0,0.5,2405,2405,38480,38480,2,1
/users/rh/.cache/modelscope/hub/models/LLM-Research/llama-2-7b/converted_bin_v2,2,1,42405855232,16,0.95,1,2,0.2,0.1,6.153568267822266,11.33754119873047,26.181312561035156,262144.0,0.25,6702,13404,214464,107232,2,2
/users/rh/.cache/modelscope/hub/models/LLM-Research/Llama-3.2-1B/converted_bin_v2,1,1,42405855232,16,0.95,1,2,0.2,0.1,2.3018836975097656,6.7121017456054695,30.806752014160157,32768.0,0.03125,63092,63092,1009472,1009472,2,1
/users/rh/.cache/modelscope/hub/models/LLM-Research/Llama-3.2-1B/converted_bin_v2,2,1,42405855232,16,0.95,1,2,0.2,0.1,1.1509418487548828,5.33072738647461,32.18812637329101,16384.0,0.015625,131842,263684,4218944,2109472,2,2
/users/rh/.cache/modelscope/hub/models/LLM-Research/Llama-3.2-3B/converted_bin_v2,1,1,42405855232,16,0.95,1,2,0.2,0.1,5.984212875366211,11.132117462158204,26.38673629760742,114688.0,0.109375,15440,15440,247040,247040,2,1
/users/rh/.cache/modelscope/hub/models/LLM-Research/Llama-3.2-3B/converted_bin_v2,2,1,42405855232,16,0.95,1,2,0.2,0.1,2.9921064376831055,7.5407352447509775,29.97811851501465,57344.0,0.0546875,35082,70164,1122624,561312,2,2
/users/rh/.cache/modelscope/hub/models/LLM-Research/Meta-Llama-3.1-8B/converted_bin_v2,1,1,42405855232,16,0.95,1,2,0.2,0.1,13.979011535644531,20.726119995117188,16.79273376464844,131072.0,0.125,8597,8597,137552,137552,2,1
/users/rh/.cache/modelscope/hub/models/LLM-Research/Meta-Llama-3.1-8B/converted_bin_v2,2,1,42405855232,16,0.95,1,2,0.2,0.1,6.989505767822266,12.337736511230469,25.18111724853516,65536.0,0.0625,25785,51570,825120,412560,2,2
