model,tp,pp,single_gpu_memory,block_size,gpu_memory_utilization,num_nodes,num_gpus_per_node,model_size,single_gpu_peak_runtime_memory,kv_size_in_byte,num_gpu_blocks,max_num_tokens,total_gpus,required_gpus
facebook/opt-13b,1,1,42405855232,16,0.95,1,2,23.938369750976562,26127687352.32,0.78125,2160,34560,2,1
facebook/opt-13b,1,2,42405855232,16,0.95,1,2,12.218666076660156,6983904952.32,0.390625,10162,162592,2,2
facebook/opt-13b,2,1,42405855232,16,0.95,1,2,12.219619750976562,6984416952.32,0.390625,10162,162592,2,2
facebook/opt-66b,1,2,42405855232,16,0.95,1,2,61.65087890625,33522622136.32,1.125,716,11456,2,2
facebook/opt-66b,2,1,42405855232,16,0.95,1,2,61.65362548828125,33524096696.32,1.125,716,11456,2,2
