{
  "num_requests": 120,
  "num_prefill_batches": 113,
  "num_decode_rounds": 3971,
  "prefill_latency_ms": {
    "mean": 115.79678588313982,
    "p50": 89.17221601586789,
    "p90": 214.79425369761887,
    "p95": 355.83377396687865
  },
  "decode_forward_time_ms": {
    "mean": 14.192831544163331,
    "p50": 14.461170183494687,
    "p90": 15.429337043315172,
    "p95": 15.820828964933753
  }
}
