{
  "num_requests": 120,
  "num_prefill_batches": 116,
  "num_decode_rounds": 4311,
  "prefill_latency_ms": {
    "mean": 105.79115931177512,
    "p50": 90.47161554917693,
    "p90": 201.02321733720603,
    "p95": 221.853631583508
  },
  "decode_forward_time_ms": {
    "mean": 13.979198950435945,
    "p50": 14.279838185757399,
    "p90": 15.375600894913077,
    "p95": 15.812658471986651
  }
}
