{
    "/users/rh/.cache/modelscope/hub/models/LLM-Research/Llama-3.2-1B/converted_bin_v2": {
        "1": {
            "decoding_large_small_bs_threshold": 95,
            "prefill": [
                -3.3289526761088037,
                10.004440688605051,
                -0.06851538275447498,
                0.0800774766863338,
                5.974415273931851e-05
            ],
            "decoding_smallbs": [
                6.029964855000859,
                0.13897161285534784,
                3.355069036654845e-05,
                0.003428307232645465
            ],
            "decoding_largebs": [
                6.020750937842432,
                0.26846890029847886,
                -5.107106076144512e-05,
                0.003468325553631474
            ]
        }
    },
    "/users/rh/.cache/modelscope/hub/models/LLM-Research/Llama-3.2-3B/converted_bin_v2": {
        "1": {
            "decoding_large_small_bs_threshold": 95,
            "prefill": [
                -1.3081678673908699,
                10.599251482587931,
                -0.09031909568544737,
                0.13442827244735808,
                0.00015609253598202174
            ],
            "decoding_smallbs": [
                11.342293173892909,
                -0.10681201734247986,
                0.0004771793908350587,
                0.009124560410596743
            ],
            "decoding_largebs": [
                11.393006295543183,
                0.22505770349996387,
                0.0002267517548049906,
                0.009160306904141213
            ]
        }
    },
    "/users/rh/.cache/modelscope/hub/models/LLM-Research/Meta-Llama-3.1-8B/converted_bin_v2": {
        "1": {
            "decoding_large_small_bs_threshold": 95,
            "prefill": [
                4.8942164837734445,
                10.234835385231833,
                -0.07441116248971641,
                0.14842759016920287,
                0.00018869983370678884
            ],
            "decoding_smallbs": [
                19.871809273299025,
                0.23503586241522922,
                0.0003581791630638879,
                0.008877722702770612
            ],
            "decoding_largebs": [
                20.28472918686451,
                1.3027708944111083,
                -0.0004274070983978726,
                0.008844032626391985
            ]
        }
    },
    "huggyllama/llama-7b": {
        "1": {
            "decoding_large_small_bs_threshold": 95,
            "decode_scale": 2.0,
            "prefill": [
                16.822322810704378,
                -1.1606878299565833,
                0.09444657755559831,
                -0.03448058800913224,
                9.555822142319991e-06
            ],
            "decoding_smallbs": [
                15.614041570533937,
                0.21948283712063568,
                0.00032300074130277333,
                0.0010653846255642948
            ],
            "decoding_largebs": [
                15.661125493266667,
                0.4077849086198046,
                0.0001888035769726476,
                0.0010623999380111335
            ]
        }
    },
    "anonymous4chan/llama-2-7b": {
        "1": {
            "decoding_large_small_bs_threshold": 95,
            "decode_scale": 2.0,
            "prefill": [
                16.822322810704378,
                -1.1606878299565833,
                0.09444657755559831,
                -0.03448058800913224,
                9.555822142319991e-06
            ],
            "decoding_smallbs": [
                15.614041570533937,
                0.21948283712063568,
                0.00032300074130277333,
                0.0010653846255642948
            ],
            "decoding_largebs": [
                15.661125493266667,
                0.4077849086198046,
                0.0001888035769726476,
                0.0010623999380111335
            ]
        }
    }
}
