{
    "/users/rh/.cache/modelscope/hub/models/LLM-Research/Llama-3.2-3B/converted_bin_v2": {
        "2": {
            "prefill": [
                -66.18140079133589,
                77.18899700854885,
                -0.2009549398970807,
                0.3228314485372848,
                0.00019481467353272517
            ],
            "decoding_smallbs": [
                7.884058657607083,
                0.19380810091230774,
                0.00012188506461730611,
                0.011909039085293819
            ],
            "decoding_largebs": [
                7.884058657607083,
                0.19380810091230774,
                0.00012188506461730611,
                0.011909039085293819
            ],
            "decoding_large_small_bs_threshold": 95
        }
    }
}
