{
    "/users/rh/.cache/modelscope/hub/models/LLM-Research/Llama-3.2-1B/converted_bin_v2": {
        "1": {
            "decoding_large_small_bs_threshold": 95,
            "prefill": [
                25.34608949125775,
                25.34608949239368,
                -0.0010492901104191574,
                -0.0010492901034199367,
                4.76915553502004e-06
            ],
            "decoding_smallbs": [
                5.161679518498611,
                0.02452599929439491,
                9.561260901172757e-06,
                1.9027457311409816e-05
            ],
            "decoding_largebs": [
                5.161679518498611,
                0.02452599929439491,
                9.561260901172757e-06,
                1.9027457311409816e-05
            ]
        }
    },
    "/users/rh/.cache/modelscope/hub/models/LLM-Research/Llama-3.2-3B/converted_bin_v2": {
        "1": {
            "decoding_large_small_bs_threshold": 95,
            "prefill": [
                30.508246671566347,
                30.508246668633785,
                -0.002786485621919694,
                -0.0027864856052932647,
                1.2528744490686282e-05
            ],
            "decoding_smallbs": [
                8.314525433763269,
                0.08576590762223743,
                6.623267272676581e-05,
                6.502330708136013e-05
            ],
            "decoding_largebs": [
                8.314525433763269,
                0.08576590762223743,
                6.623267272676581e-05,
                6.502330708136013e-05
            ]
        }
    },
    "/users/rh/.cache/modelscope/hub/models/LLM-Research/Meta-Llama-3.1-8B/converted_bin_v2": {
        "1": {
            "decoding_large_small_bs_threshold": 95,
            "prefill": [
                34.14694125062762,
                34.14694124403411,
                0.0005747710846174995,
                0.0005747710823996625,
                8.842816243184558e-06
            ],
            "decoding_smallbs": [
                14.357787278125002,
                0.08455493682200567,
                0.0001123795013000214,
                6.698986019298765e-06
            ],
            "decoding_largebs": [
                14.357787278125002,
                0.08455493682200567,
                0.0001123795013000214,
                6.698986019298765e-06
            ]
        }
    },
    "/users/rh/.cache/modelscope/hub/models/LLM-Research/llama-2-7b/converted_bin_v2": {
        "1": {
            "decoding_large_small_bs_threshold": 95,
            "prefill": [
                33.68441439289184,
                33.68441439360404,
                0.05524159233463381,
                0.05524159233521006,
                -1.0182140671172832e-05
            ],
            "decoding_smallbs": [
                12.825363889494609,
                0.06628545784815683,
                0.0003968970599531482,
                0.0005483040768806543
            ],
            "decoding_largebs": [
                12.825363889494609,
                0.06628545784815683,
                0.0003968970599531482,
                0.0005483040768806543
            ]
        }
    }
}
