{
    "/users/rh/.cache/modelscope/hub/models/LLM-Research/Llama-3.2-1B/converted_bin_v2": {
        "1": {
            "decoding_large_small_bs_threshold": 95,
            "prefill": [
                -3.3289526761088037,
                10.004440688605051,
                -0.06851538275447498,
                0.0800774766863338,
                5.974415273931851e-05
            ],
            "decoding_smallbs": [
                6.020750937842432,
                0.26846890029847886,
                -5.107106076144512e-05,
                0.003468325553631474,
                -0.00026585113538224757
            ],
            "decoding_largebs": [
                6.020750937842432,
                0.26846890029847886,
                -5.107106076144512e-05,
                0.003468325553631474,
                -0.00026585113538224757
            ]
        },
        "2": {
            "decoding_large_small_bs_threshold": 95,
            "prefill": [
                9.592799346105055,
                0.014795826741983594,
                4.166968573718731e-05
            ],
            "decoding_smallbs": [
                4.805332802177004,
                0.004541534434377025,
                0.0023207846702056755,
                -5.874290237757503e-08,
                -9.928805493943135e-09,
                -4.211931660402212e-08
            ],
            "decoding_largebs": []
        }
    },
    "/users/rh/.cache/modelscope/hub/models/LLM-Research/Llama-3.2-3B/converted_bin_v2": {
        "1": {
            "decoding_large_small_bs_threshold": 95,
            "prefill": [
                -1.3081678673908699,
                10.599251482587931,
                -0.09031909568544737,
                0.13442827244735808,
                0.00015609253598202174
            ],
            "decoding_smallbs": [
                11.393006295543183,
                0.22505770349996387,
                0.0002267517548049906,
                0.009160306904141213,
                -0.0005001981500068095
            ],
            "decoding_largebs": [
                11.393006295543183,
                0.22505770349996387,
                0.0002267517548049906,
                0.009160306904141213,
                -0.0005001981500068095
            ]
        },
        "2": {
            "decoding_large_small_bs_threshold": 95,
            "prefill": [
                18.85447517229713,
                0.04061121404296933,
                0.00012678497737628663
            ],
            "decoding_smallbs": [
                7.6261326750745395,
                0.01315887438026094,
                0.006670161636640972,
                -1.746610385929591e-07,
                -1.5712640753143844e-07,
                -2.0082696234472817e-07
            ],
            "decoding_largebs": []
        }
    },
    "/users/rh/.cache/modelscope/hub/models/LLM-Research/Meta-Llama-3.1-8B/converted_bin_v2": {
        "1": {
            "decoding_large_small_bs_threshold": 95,
            "prefill": [
                4.8942164837734445,
                10.234835385231833,
                -0.07441116248971641,
                0.14842759016920287,
                0.00018869983370678884
            ],
            "decoding_smallbs": [
                20.28472918686451,
                1.3027708944111083,
                -0.0004274070983978726,
                0.008844032626391985,
                -0.001661554771295261
            ],
            "decoding_largebs": [
                20.28472918686451,
                1.3027708944111083,
                -0.0004274070983978726,
                0.008844032626391985,
                -0.001661554771295261
            ]
        },
        "2": {
            "decoding_large_small_bs_threshold": 95,
            "prefill": [
                23.538535934773744,
                0.07829507470851205,
                0.00016060361177848605
            ],
            "decoding_smallbs": [
                11.369899302877508,
                0.015446361882858783,
                0.007747807056363297,
                -9.177237758562687e-08,
                -2.3076463187216055e-07,
                -6.301642017566697e-07
            ],
            "decoding_largebs": []
        }
    },
    "huggyllama/llama-7b": {
        "1": {
            "decoding_large_small_bs_threshold": 95,
            "decode_scale": 2.0,
            "prefill": [
                16.822322810704378,
                -1.1606878299565833,
                0.09444657755559831,
                -0.03448058800913224,
                9.555822142319991e-06
            ],
            "decoding_smallbs": [
                15.661125493266667,
                0.4077849086198046,
                0.0001888035769726476,
                0.0010623999380111335,
                -0.0003045960699682009
            ],
            "decoding_largebs": [
                15.661125493266667,
                0.4077849086198046,
                0.0001888035769726476,
                0.0010623999380111335,
                -0.0003045960699682009
            ]
        },
        "2": {
            "decoding_large_small_bs_threshold": 95,
            "prefill": [
                9.860488265500846,
                0.10430292777213274,
                4.921258438921543e-06
            ],
            "decoding_smallbs": [
                10.265878728384475,
                0.001482401564789711,
                0.0007889739029580359,
                -2.2140512681487276e-08,
                -5.142440999441571e-08,
                -5.8253420986058087e-08
            ],
            "decoding_largebs": []
        }
    }
}
