{
    "/users/rh/.cache/modelscope/hub/models/LLM-Research/Llama-3.2-1B/converted_bin_v2": {
        "2": {
            "prefill": [
                -21.475267349412125,
                26.460886841605774,
                -0.03712652837054702,
                0.10986748025881747,
                4.685812006692193e-05
            ],
            "decoding_smallbs": [
                5.302682575564457,
                0.015893160999939673,
                3.7329843435585305e-05,
                0.003976926189790901
            ],
            "decoding_largebs": [
                5.302682575564457,
                0.015893160999939673,
                3.7329843435585305e-05,
                0.003976926189790901
            ],
            "decoding_large_small_bs_threshold": 95
        }
    }
}
