{
    "/users/rh/.cache/modelscope/hub/models/LLM-Research/Llama-3.2-1B/converted_bin_v2": {
        "1": {
            "decoding_large_small_bs_threshold": 95,
            "prefill": [
                0.9980303271205558,
                6.995373498526098,
                -0.07908992101786728,
                0.09889835358333975,
                7.471882600586299e-05
            ],
            "decoding_smallbs": [
                5.500081716541751,
                0.09512414161533639,
                5.716936436959659e-05,
                0.0043357935847417785
            ],
            "decoding_largebs": [
                5.500081716541751,
                0.09512414161533639,
                5.716936436959659e-05,
                0.0043357935847417785
            ]
        },
        "2": {
            "prefill": [
                -21.475267349412125,
                26.460886841605774,
                -0.03712652837054702,
                0.10986748025881747,
                4.685812006692193e-05
            ],
            "decoding_smallbs": [
                5.302682575564457,
                0.015893160999939673,
                3.7329843435585305e-05,
                0.003976926189790901
            ],
            "decoding_largebs": [
                5.302682575564457,
                0.015893160999939673,
                3.7329843435585305e-05,
                0.003976926189790901
            ],
            "decoding_large_small_bs_threshold": 95
        }
    },
    "/users/rh/.cache/modelscope/hub/models/LLM-Research/Llama-3.2-3B/converted_bin_v2": {
        "1": {
            "decoding_large_small_bs_threshold": 95,
            "prefill": [
                6.53930339628104,
                5.641064681945253,
                -0.0991277853377429,
                0.15061012826610626,
                0.00022137313314968775
            ],
            "decoding_smallbs": [
                11.161096408661091,
                0.060667818398675945,
                0.000242279658882225,
                0.010955676582774375
            ],
            "decoding_largebs": [
                11.161096408661091,
                0.060667818398675945,
                0.000242279658882225,
                0.010955676582774375
            ]
        },
        "2": {
            "prefill": [
                -66.18140079133589,
                77.18899700854885,
                -0.2009549398970807,
                0.3228314485372848,
                0.00019481467353272517
            ],
            "decoding_smallbs": [
                7.884058657607083,
                0.19380810091230774,
                0.00012188506461730611,
                0.011909039085293819
            ],
            "decoding_largebs": [
                7.884058657607083,
                0.19380810091230774,
                0.00012188506461730611,
                0.011909039085293819
            ],
            "decoding_large_small_bs_threshold": 95
        }
    },
    "/users/rh/.cache/modelscope/hub/models/LLM-Research/Meta-Llama-3.1-8B/converted_bin_v2": {
        "1": {
            "decoding_large_small_bs_threshold": 95,
            "prefill": [
                16.24598627506249,
                4.1170090053438,
                -0.07470277772501027,
                0.15919564422730761,
                0.00025976891199917357
            ],
            "decoding_smallbs": [
                23.075169832557346,
                -0.021873025148807762,
                0.0008061084046084641,
                0.006393130298421536
            ],
            "decoding_largebs": [
                23.075169832557346,
                -0.021873025148807762,
                0.0008061084046084641,
                0.006393130298421536
            ]
        },
        "2": {
            "prefill": [
                -65.11761500611094,
                81.45984115941309,
                -0.18164366557185874,
                0.3425957282359565,
                0.0002349332327304723
            ],
            "decoding_smallbs": [
                11.320353377172014,
                0.2655290277966047,
                3.100778598911273e-05,
                0.014124098437062393
            ],
            "decoding_largebs": [
                11.320353377172014,
                0.2655290277966047,
                3.100778598911273e-05,
                0.014124098437062393
            ],
            "decoding_large_small_bs_threshold": 95
        }
    },
    "/users/rh/.cache/modelscope/hub/models/LLM-Research/llama-2-7b/converted_bin_v2": {
        "1": {
            "decoding_large_small_bs_threshold": 95,
            "prefill": [
                20.971149084289728,
                -3.3309063388474196,
                0.06762139058076412,
                -0.006577288152989102,
                3.586476550474965e-06
            ],
            "decoding_smallbs": [
                14.61375358341889,
                0.12268368763078878,
                0.0003636915334516919,
                0.0007207798274047485
            ],
            "decoding_largebs": [
                14.61375358341889,
                0.12268368763078878,
                0.0003636915334516919,
                0.0007207798274047485
            ]
        },
        "2": {
            "prefill": [
                53.33620037335765,
                -34.59577062265064,
                0.13858178544766048,
                -0.028045874921019544,
                1.5429682703995058e-06
            ],
            "decoding_smallbs": [
                9.896952880334705,
                0.3143349953532684,
                0.00013414509465924709,
                0.0010344106787588015
            ],
            "decoding_largebs": [
                9.896952880334705,
                0.3143349953532684,
                0.00013414509465924709,
                0.0010344106787588015
            ],
            "decoding_large_small_bs_threshold": 95
        }
    }
}
