{
    "/users/rh/.cache/modelscope/hub/models/LLM-Research/Llama-3.2-1B/converted_bin_v2": {
        "1": {
            "decoding_large_small_bs_threshold": 95,
            "prefill": [
                6.657259411837615,
                0.012258768799815344,
                5.8587256169253466e-05
            ],
            "decoding_smallbs": [
                9.085423122350985,
                0.0012426362457789934,
                -0.6840800885864998
            ],
            "decoding_largebs": [
                9.085423122350985,
                0.0012426362457789934,
                -0.6840800885864998
            ]
        }
    },
    "/users/rh/.cache/modelscope/hub/models/LLM-Research/Llama-3.2-3B/converted_bin_v2": {
        "1": {
            "decoding_large_small_bs_threshold": 95,
            "prefill": [
                10.38306063248656,
                0.036113175611263836,
                0.00014721205713200862
            ],
            "decoding_smallbs": [
                21.122704349558422,
                0.0018796419081371914,
                -1.0088245015024584
            ],
            "decoding_largebs": [
                21.122704349558422,
                0.0018796419081371914,
                -1.0088245015024584
            ]
        }
    },
    "/users/rh/.cache/modelscope/hub/models/LLM-Research/Meta-Llama-3.1-8B/converted_bin_v2": {
        "1": {
            "decoding_large_small_bs_threshold": 95,
            "prefill": [
                17.433170737581257,
                0.05689100224672075,
                0.00018051009230178407
            ],
            "decoding_smallbs": [
                30.039359192923403,
                0.00139246188225655,
                -0.41445372484539655
            ],
            "decoding_largebs": [
                30.039359192923403,
                0.00139246188225655,
                -0.41445372484539655
            ]
        }
    },
    "/users/rh/.cache/modelscope/hub/models/LLM-Research/llama-2-7b/converted_bin_v2": {
        "1": {
            "decoding_large_small_bs_threshold": 95,
            "prefill": [
                14.24583405756272,
                0.05682693785703606,
                1.02202538013547e-05
            ],
            "decoding_smallbs": [
                15.214041858538808,
                0.00013133373293231767,
                0.3644837562360984
            ],
            "decoding_largebs": [
                15.214041858538808,
                0.00013133373293231767,
                0.3644837562360984
            ]
        }
    }
}
