{
    "/users/rh/.cache/modelscope/hub/models/LLM-Research/llama-2-7b/converted_bin_v2": {
        "2": {
            "prefill": [
                53.33620037335765,
                -34.59577062265064,
                0.13858178544766048,
                -0.028045874921019544,
                1.5429682703995058e-06
            ],
            "decoding_smallbs": [
                9.896952880334705,
                0.3143349953532684,
                0.00013414509465924709,
                0.0010344106787588015
            ],
            "decoding_largebs": [
                9.896952880334705,
                0.3143349953532684,
                0.00013414509465924709,
                0.0010344106787588015
            ],
            "decoding_large_small_bs_threshold": 95
        }
    }
}
