{
    "/users/rh/.cache/modelscope/hub/models/LLM-Research/Meta-Llama-3.1-8B/converted_bin_v2": {
        "2": {
            "prefill": [
                -65.11761500611094,
                81.45984115941309,
                -0.18164366557185874,
                0.3425957282359565,
                0.0002349332327304723
            ],
            "decoding_smallbs": [
                11.320353377172014,
                0.2655290277966047,
                3.100778598911273e-05,
                0.014124098437062393
            ],
            "decoding_largebs": [
                11.320353377172014,
                0.2655290277966047,
                3.100778598911273e-05,
                0.014124098437062393
            ],
            "decoding_large_small_bs_threshold": 95
        }
    }
}
