{
    "/users/rh/.cache/modelscope/hub/models/LLM-Research/Llama-3.2-1B/converted_bin_v2": {
        "1": {
            "decoding_large_small_bs_threshold": 95,
            "prefill": [
                8.030279879221203,
                -0.0013056712401863324,
                4.425573569234681e-05
            ],
            "decoding_smallbs": [
                7.617965265036026,
                0.001454429698703178,
                -0.5961839257686259
            ],
            "decoding_largebs": []
        },
        "2": {
            "decoding_large_small_bs_threshold": 95,
            "prefill": [
                9.592799346105055,
                0.014795826741983594,
                4.166968573718731e-05
            ],
            "decoding_smallbs": [
                8.004988629574111,
                0.0015334844294927696,
                -0.6641845654959981
            ],
            "decoding_largebs": []
        }
    },
    "/users/rh/.cache/modelscope/hub/models/LLM-Research/Llama-3.2-3B/converted_bin_v2": {
        "1": {
            "decoding_large_small_bs_threshold": 95,
            "prefill": [
                18.617711404666736,
                -0.012912909039880521,
                0.00016551474974398718
            ],
            "decoding_smallbs": [
                17.457922719016565,
                0.0042935795710481225,
                -1.93596495992524
            ],
            "decoding_largebs": []
        },
        "2": {
            "decoding_large_small_bs_threshold": 95,
            "prefill": [
                18.85447517229713,
                0.04061121404296933,
                0.00012678497737628663
            ],
            "decoding_smallbs": [
                16.46224420723564,
                0.00443061945229509,
                -1.8607122138571717
            ],
            "decoding_largebs": []
        }
    },
    "/users/rh/.cache/modelscope/hub/models/LLM-Research/Meta-Llama-3.1-8B/converted_bin_v2": {
        "1": {
            "decoding_large_small_bs_threshold": 95,
            "prefill": [
                26.62292935358008,
                0.005862233113869055,
                0.0002229444108737981
            ],
            "decoding_smallbs": [
                26.837625375998822,
                0.005022904614452282,
                -2.527318083851945
            ],
            "decoding_largebs": []
        },
        "2": {
            "decoding_large_small_bs_threshold": 95,
            "prefill": [
                23.538535934773744,
                0.07829507470851205,
                0.00016060361177848605
            ],
            "decoding_smallbs": [
                21.08975368654001,
                0.005060971095202883,
                -1.8737183579001255
            ],
            "decoding_largebs": []
        }
    },
    "huggyllama/llama-7b": {
        "1": {
            "decoding_large_small_bs_threshold": 95,
            "prefill": [
                7.221124360355375,
                0.05847386361775723,
                1.0005177833609454e-05
            ],
            "decoding_smallbs": [
                14.40545363132224,
                0.0005808123360948618,
                -0.06670859372448239
            ],
            "decoding_largebs": []
        },
        "2": {
            "decoding_large_small_bs_threshold": 95,
            "prefill": [
                9.860488265500846,
                0.10430292777213274,
                4.921258438921543e-06
            ],
            "decoding_smallbs": [
                10.746175499059047,
                0.0004886651155051684,
                0.03194739797563254
            ],
            "decoding_largebs": []
        }
    }
}