{
  "num_requests": 120,
  "num_prefill_batches": 106,
  "num_decode_rounds": 3858,
  "prefill_latency_ms": {
    "mean": 232.44317331700586,
    "p50": 135.88731898926198,
    "p90": 589.158750907518,
    "p95": 711.4341006847098
  },
  "decode_forward_time_ms": {
    "mean": 25.209154776358343,
    "p50": 25.09188756812364,
    "p90": 28.984734322875738,
    "p95": 29.424556402955204
  }
}
