{
  "num_requests": 120,
  "num_prefill_batches": 115,
  "num_decode_rounds": 4368,
  "prefill_latency_ms": {
    "mean": 77.68611165229231,
    "p50": 55.80070044379681,
    "p90": 177.03159200027585,
    "p95": 193.65092065418136
  },
  "decode_forward_time_ms": {
    "mean": 10.575820105969088,
    "p50": 10.534482542425394,
    "p90": 11.953603709116578,
    "p95": 12.219726759940386
  }
}
