{
  "end": {
    "cpu_utilization_percent": {
      "host_system": 3.789665705356566,
      "host_total": 3.9069590897790767,
      "host_user": 0.11729671690495028,
      "remote_system": 3.7433514582962535,
      "remote_total": 3.783477686430809,
      "remote_user": 0.04012622813455535
    },
    "receiver_tcp_congestion": "cubic",
    "sender_tcp_congestion": "cubic",
    "streams": [
      {
        "receiver": {
          "bits_per_second": 796147717.8466388,
          "bytes": 2985689088,
          "end": 30.001358,
          "seconds": 30.001358,
          "sender": false,
          "socket": 5,
          "start": 0
        },
        "sender": {
          "bits_per_second": 796598716.499836,
          "bytes": 2987524096,
          "end": 30.002801,
          "max_rtt": 0,
          "max_snd_cwnd": 0,
          "mean_rtt": 0,
          "min_rtt": 0,
          "retransmits": 466,
          "seconds": 30.002801,
          "sender": false,
          "socket": 5,
          "start": 0
        }
      }
    ],
    "sum_received": {
      "bits_per_second": 796147717.8466388,
      "bytes": 2985689088,
      "end": 30.001358,
      "seconds": 30.001358,
      "sender": false,
      "start": 0
    },
    "sum_sent": {
      "bits_per_second": 796598716.499836,
      "bytes": 2987524096,
      "end": 30.002801,
      "retransmits": 466,
      "seconds": 30.002801,
      "sender": false,
      "start": 0
    }
  },
  "intervals": [
    {
      "streams": [
        {
          "bits_per_second": 768888975.4903853,
          "bytes": 96206848,
          "end": 1.000996,
          "omitted": false,
          "seconds": 1.0009959936141968,
          "sender": false,
          "socket": 5,
          "start": 0
        }
      ],
      "sum": {
        "bits_per_second": 768888975.4903853,
        "bytes": 96206848,
        "end": 1.000996,
        "omitted": false,
        "seconds": 1.0009959936141968,
        "sender": false,
        "start": 0
      }
    },
    {
      "streams": [
        {
          "bits_per_second": 787327870.9926728,
          "bytes": 98435072,
          "end": 2.00119,
          "omitted": false,
          "seconds": 1.0001939535140991,
          "sender": false,
          "socket": 5,
          "start": 1.000996
        }
      ],
      "sum": {
        "bits_per_second": 787327870.9926728,
        "bytes": 98435072,
        "end": 2.00119,
        "omitted": false,
        "seconds": 1.0001939535140991,
        "sender": false,
        "start": 1.000996
      }
    },
    {
      "streams": [
        {
          "bits_per_second": 712107000.618772,
          "bytes": 88997888,
          "end": 3.001016,
          "omitted": false,
          "seconds": 0.9998260140419006,
          "sender": false,
          "socket": 5,
          "start": 2.00119
        }
      ],
      "sum": {
        "bits_per_second": 712107000.618772,
        "bytes": 88997888,
        "end": 3.001016,
        "omitted": false,
        "seconds": 0.9998260140419006,
        "sender": false,
        "start": 2.00119
      }
    },
    {
      "streams": [
        {
          "bits_per_second": 790884114.665554,
          "bytes": 98828288,
          "end": 4.00069,
          "omitted": false,
          "seconds": 0.9996740221977234,
          "sender": false,
          "socket": 5,
          "start": 3.001016
        }
      ],
      "sum": {
        "bits_per_second": 790884114.665554,
        "bytes": 98828288,
        "end": 4.00069,
        "omitted": false,
        "seconds": 0.9996740221977234,
        "sender": false,
        "start": 3.001016
      }
    },
    {
      "streams": [
        {
          "bits_per_second": 808236273.63079,
          "bytes": 101056512,
          "end": 5.000957,
          "omitted": false,
          "seconds": 1.0002670288085938,
          "sender": false,
          "socket": 5,
          "start": 4.00069
        }
      ],
      "sum": {
        "bits_per_second": 808236273.63079,
        "bytes": 101056512,
        "end": 5.000957,
        "omitted": false,
        "seconds": 1.0002670288085938,
        "sender": false,
        "start": 4.00069
      }
    },
    {
      "streams": [
        {
          "bits_per_second": 814494308.3960966,
          "bytes": 101842944,
          "end": 6.001263,
          "omitted": false,
          "seconds": 1.0003060102462769,
          "sender": false,
          "socket": 5,
          "start": 5.000957
        }
      ],
      "sum": {
        "bits_per_second": 814494308.3960966,
        "bytes": 101842944,
        "end": 6.001263,
        "omitted": false,
        "seconds": 1.0003060102462769,
        "sender": false,
        "start": 5.000957
      }
    },
    {
      "streams": [
        {
          "bits_per_second": 804608607.7709744,
          "bytes": 100532224,
          "end": 7.000827,
          "omitted": false,
          "seconds": 0.999563992023468,
          "sender": false,
          "socket": 5,
          "start": 6.001263
        }
      ],
      "sum": {
        "bits_per_second": 804608607.7709744,
        "bytes": 100532224,
        "end": 7.000827,
        "omitted": false,
        "seconds": 0.999563992023468,
        "sender": false,
        "start": 6.001263
      }
    },
    {
      "streams": [
        {
          "bits_per_second": 816392163.892305,
          "bytes": 101974016,
          "end": 8.000092,
          "omitted": false,
          "seconds": 0.9992650151252747,
          "sender": false,
          "socket": 5,
          "start": 7.000827
        }
      ],
      "sum": {
        "bits_per_second": 816392163.892305,
        "bytes": 101974016,
        "end": 8.000092,
        "omitted": false,
        "seconds": 0.9992650151252747,
        "sender": false,
        "start": 7.000827
      }
    },
    {
      "streams": [
        {
          "bits_per_second": 816002679.0166264,
          "bytes": 102105088,
          "end": 9.001119,
          "omitted": false,
          "seconds": 1.00102698802948,
          "sender": false,
          "socket": 5,
          "start": 8.000092
        }
      ],
      "sum": {
        "bits_per_second": 816002679.0166264,
        "bytes": 102105088,
        "end": 9.001119,
        "omitted": false,
        "seconds": 1.00102698802948,
        "sender": false,
        "start": 8.000092
      }
    },
    {
      "streams": [
        {
          "bits_per_second": 796199628.455918,
          "bytes": 99483648,
          "end": 10.000704,
          "omitted": false,
          "seconds": 0.999584972858429,
          "sender": false,
          "socket": 5,
          "start": 9.001119
        }
      ],
      "sum": {
        "bits_per_second": 796199628.455918,
        "bytes": 99483648,
        "end": 10.000704,
        "omitted": false,
        "seconds": 0.999584972858429,
        "sender": false,
        "start": 9.001119
      }
    },
    {
      "streams": [
        {
          "bits_per_second": 815680403.0531306,
          "bytes": 101974016,
          "end": 11.000841,
          "omitted": false,
          "seconds": 1.0001369714736938,
          "sender": false,
          "socket": 5,
          "start": 10.000704
        }
      ],
      "sum": {
        "bits_per_second": 815680403.0531306,
        "bytes": 101974016,
        "end": 11.000841,
        "omitted": false,
        "seconds": 1.0001369714736938,
        "sender": false,
        "start": 10.000704
      }
    },
    {
      "streams": [
        {
          "bits_per_second": 816283536.331212,
          "bytes": 101974016,
          "end": 12.000239,
          "omitted": false,
          "seconds": 0.9993979930877686,
          "sender": false,
          "socket": 5,
          "start": 11.000841
        }
      ],
      "sum": {
        "bits_per_second": 816283536.331212,
        "bytes": 101974016,
        "end": 12.000239,
        "omitted": false,
        "seconds": 0.9993979930877686,
        "sender": false,