{
  "end": {
    "cpu_utilization_percent": {
      "host_system": 3.98689735551984,
      "host_total": 4.16796984493531,
      "host_user": 0.1810824871603129,
      "remote_system": 3.627645072455609,
      "remote_total": 3.693586378094128,
      "remote_user": 0.0659379725761629
    },
    "receiver_tcp_congestion": "cubic",
    "sender_tcp_congestion": "cubic",
    "streams": [
      {
        "receiver": {
          "bits_per_second": 788191432.644928,
          "bytes": 2955804672,
          "end": 30.000881,
          "seconds": 30.000881,
          "sender": false,
          "socket": 5,
          "start": 0
        },
        "sender": {
          "bits_per_second": 788535763.9293486,
          "bytes": 2957246464,
          "end": 30.002408,
          "max_rtt": 0,
          "max_snd_cwnd": 0,
          "mean_rtt": 0,
          "min_rtt": 0,
          "retransmits": 538,
          "seconds": 30.002408,
          "sender": false,
          "socket": 5,
          "start": 0
        }
      }
    ],
    "sum_received": {
      "bits_per_second": 788191432.644928,
      "bytes": 2955804672,
      "end": 30.000881,
      "seconds": 30.000881,
      "sender": false,
      "start": 0
    },
    "sum_sent": {
      "bits_per_second": 788535763.9293486,
      "bytes": 2957246464,
      "end": 30.002408,
      "retransmits": 538,
      "seconds": 30.002408,
      "sender": false,
      "start": 0
    }
  },
  "intervals": [
    {
      "streams": [
        {
          "bits_per_second": 753605875.732966,
          "bytes": 94240768,
          "end": 1.000425,
          "omitted": false,
          "seconds": 1.0004249811172485,
          "sender": false,
          "socket": 5,
          "start": 0
        }
      ],
      "sum": {
        "bits_per_second": 753605875.732966,
        "bytes": 94240768,
        "end": 1.000425,
        "omitted": false,
        "seconds": 1.0004249811172485,
        "sender": false,
        "start": 0
      }
    },
    {
      "streams": [
        {
          "bits_per_second": 804913535.7189788,
          "bytes": 100663296,
          "end": 2.000913,
          "omitted": false,
          "seconds": 1.000488042831421,
          "sender": false,
          "socket": 5,
          "start": 1.000425
        }
      ],
      "sum": {
        "bits_per_second": 804913535.7189788,
        "bytes": 100663296,
        "end": 2.000913,
        "omitted": false,
        "seconds": 1.000488042831421,
        "sender": false,
        "start": 1.000425
      }
    },
    {
      "streams": [
        {
          "bits_per_second": 711533621.6720215,
          "bytes": 88866816,
          "end": 3.000071,
          "omitted": false,
          "seconds": 0.9991580247879028,
          "sender": false,
          "socket": 5,
          "start": 2.000913
        }
      ],
      "sum": {
        "bits_per_second": 711533621.6720215,
        "bytes": 88866816,
        "end": 3.000071,
        "omitted": false,
        "seconds": 0.9991580247879028,
        "sender": false,
        "start": 2.000913
      }
    },
    {
      "streams": [
        {
          "bits_per_second": 816555689.482835,
          "bytes": 102105088,
          "end": 4.00042,
          "omitted": false,
          "seconds": 1.0003490447998047,
          "sender": false,
          "socket": 5,
          "start": 3.000071
        }
      ],
      "sum": {
        "bits_per_second": 816555689.482835,
        "bytes": 102105088,
        "end": 4.00042,
        "omitted": false,
        "seconds": 1.0003490447998047,
        "sender": false,
        "start": 3.000071
      }
    },
    {
      "streams": [
        {
          "bits_per_second": 772405037.6094297,
          "bytes": 96600064,
          "end": 5.000932,
          "omitted": false,
          "seconds": 1.0005120038986206,
          "sender": false,
          "socket": 5,
          "start": 4.00042
        }
      ],
      "sum": {
        "bits_per_second": 772405037.6094297,
        "bytes": 96600064,
        "end": 5.000932,
        "omitted": false,
        "seconds": 1.0005120038986206,
        "sender": false,
        "start": 4.00042
      }
    },
    {
      "streams": [
        {
          "bits_per_second": 763677179.4848082,
          "bytes": 95420416,
          "end": 6.000521,
          "omitted": false,
          "seconds": 0.9995890259742737,
          "sender": false,
          "socket": 5,
          "start": 5.000932
        }
      ],
      "sum": {
        "bits_per_second": 763677179.4848082,
        "bytes": 95420416,
        "end": 6.000521,
        "omitted": false,
        "seconds": 0.9995890259742737,
        "sender": false,
        "start": 5.000932
      }
    },
    {
      "streams": [
        {
          "bits_per_second": 814761471.9566336,
          "bytes": 101842944,
          "end": 7.000499,
          "omitted": false,
          "seconds": 0.999978005886078,
          "sender": false,
          "socket": 5,
          "start": 6.000521
        }
      ],
      "sum": {
        "bits_per_second": 814761471.9566336,
        "bytes": 101842944,
        "end": 7.000499,
        "omitted": false,
        "seconds": 0.999978005886078,
        "sender": false,
        "start": 6.000521
      }
    },
    {
      "streams": [
        {
          "bits_per_second": 816144714.3223915,
          "bytes": 101974016,
          "end": 8.000067,
          "omitted": false,
          "seconds": 0.999567985534668,
          "sender": false,
          "socket": 5,
          "start": 7.000499
        }
      ],
      "sum": {
        "bits_per_second": 816144714.3223915,
        "bytes": 101974016,
        "end": 8.000067,
        "omitted": false,
        "seconds": 0.999567985534668,
        "sender": false,
        "start": 7.000499
      }
    },
    {
      "streams": [
        {
          "bits_per_second": 774758941.588574,
          "bytes": 96862208,
          "end": 9.000246,
          "omitted": false,
          "seconds": 1.0001790523529053,
          "sender": false,
          "socket": 5,
          "start": 8.000067
        }
      ],
      "sum": {
        "bits_per_second": 774758941.588574,
        "bytes": 96862208,
        "end": 9.000246,
        "omitted": false,
        "seconds": 1.0001790523529053,
        "sender": false,
        "start": 8.000067
      }
    },
    {
      "streams": [
        {
          "bits_per_second": 805031805.6416277,
          "bytes": 100663296,
          "end": 10.000587,
          "omitted": false,
          "seconds": 1.0003410577774048,
          "sender": false,
          "socket": 5,
          "start": 9.000246
        }
      ],
      "sum": {
        "bits_per_second": 805031805.6416277,
        "bytes": 100663296,
        "end": 10.000587,
        "omitted": false,
        "seconds": 1.0003410577774048,
        "sender": false,
        "start": 9.000246
      }
    },
    {
      "streams": [
        {
          "bits_per_second": 787327870.9926728,
          "bytes": 98435072,
          "end": 11.000781,
          "omitted": false,
          "seconds": 1.0001939535140991,
          "sender": false,
          "socket": 5,
          "start": 10.000587
        }
      ],
      "sum": {
        "bits_per_second": 787327870.9926728,
        "bytes": 98435072,
        "end": 11.000781,
        "omitted": false,
        "seconds": 1.0001939535140991,
        "sender": false,
        "start": 10.000587
      }
    },
    {
      "streams": [
        {
          "bits_per_second": 816089189.0068598,
          "bytes": 101974016,
          "end": 12.000417,
          "omitted": false,
          "seconds": 0.9996359944343567,
          "sender": false,
          "socket": 5,
          "start": 11.000781
        }
      ],
      "sum": {
        "bits_per_second": 816089189.0068598,
        "bytes": 101974016,
        "end": 12.000417,
        "omitted": false,
        "seconds": 0.9996359944343567,
        "sender": false,