{
  "end": {
    "cpu_utilization_percent": {
      "host_system": 3.9576274583976674,
      "host_total": 4.049073424745752,
      "host_user": 0.0914492989270329,
      "remote_system": 3.5990273048713552,
      "remote_total": 3.6535762524693016,
      "remote_user": 0.05455228066330134
    },
    "receiver_tcp_congestion": "cubic",
    "sender_tcp_congestion": "cubic",
    "streams": [
      {
        "receiver": {
          "bits_per_second": 778539886.1260653,
          "bytes": 2919628800,
          "end": 30.001071,
          "seconds": 30.001071,
          "sender": false,
          "socket": 5,
          "start": 0
        },
        "sender": {
          "bits_per_second": 778959850.006646,
          "bytes": 2921332736,
          "end": 30.002396,
          "max_rtt": 0,
          "max_snd_cwnd": 0,
          "mean_rtt": 0,
          "min_rtt": 0,
          "retransmits": 872,
          "seconds": 30.002396,
          "sender": false,
          "socket": 5,
          "start": 0
        }
      }
    ],
    "sum_received": {
      "bits_per_second": 778539886.1260653,
      "bytes": 2919628800,
      "end": 30.001071,
      "seconds": 30.001071,
      "sender": false,
      "start": 0
    },
    "sum_sent": {
      "bits_per_second": 778959850.006646,
      "bytes": 2921332736,
      "end": 30.002396,
      "retransmits": 872,
      "seconds": 30.002396,
      "sender": false,
      "start": 0
    }
  },
  "intervals": [
    {
      "streams": [
        {
          "bits_per_second": 775587875.584144,
          "bytes": 96993280,
          "end": 1.000462,
          "omitted": false,
          "seconds": 1.0004620552062988,
          "sender": false,
          "socket": 5,
          "start": 0
        }
      ],
      "sum": {
        "bits_per_second": 775587875.584144,
        "bytes": 96993280,
        "end": 1.000462,
        "omitted": false,
        "seconds": 1.0004620552062988,
        "sender": false,
        "start": 0
      }
    },
    {
      "streams": [
        {
          "bits_per_second": 798247339.045106,
          "bytes": 99745792,
          "end": 2.00011,
          "omitted": false,
          "seconds": 0.9996479749679565,
          "sender": false,
          "socket": 5,
          "start": 1.000462
        }
      ],
      "sum": {
        "bits_per_second": 798247339.045106,
        "bytes": 99745792,
        "end": 2.00011,
        "omitted": false,
        "seconds": 0.9996479749679565,
        "sender": false,
        "start": 1.000462
      }
    },
    {
      "streams": [
        {
          "bits_per_second": 751834235.099064,
          "bytes": 93978624,
          "end": 3.000103,
          "omitted": false,
          "seconds": 0.9999930262565613,
          "sender": false,
          "socket": 5,
          "start": 2.00011
        }
      ],
      "sum": {
        "bits_per_second": 751834235.099064,
        "bytes": 93978624,
        "end": 3.000103,
        "omitted": false,
        "seconds": 0.9999930262565613,
        "sender": false,
        "start": 2.00011
      }
    },
    {
      "streams": [
        {
          "bits_per_second": 797844309.2884387,
          "bytes": 99745792,
          "end": 4.000256,
          "omitted": false,
          "seconds": 1.0001529455184937,
          "sender": false,
          "socket": 5,
          "start": 3.000103
        }
      ],
      "sum": {
        "bits_per_second": 797844309.2884387,
        "bytes": 99745792,
        "end": 4.000256,
        "omitted": false,
        "seconds": 1.0001529455184937,
        "sender": false,
        "start": 3.000103
      }
    },
    {
      "streams": [
        {
          "bits_per_second": 816563863.3576206,
          "bytes": 102105088,
          "end": 5.000595,
          "omitted": false,
          "seconds": 1.0003390312194824,
          "sender": false,
          "socket": 5,
          "start": 4.000256
        }
      ],
      "sum": {
        "bits_per_second": 816563863.3576206,
        "bytes": 102105088,
        "end": 5.000595,
        "omitted": false,
        "seconds": 1.0003390312194824,
        "sender": false,
        "start": 4.000256
      }
    },
    {
      "streams": [
        {
          "bits_per_second": 815417012.813732,
          "bytes": 101974016,
          "end": 6.001055,
          "omitted": false,
          "seconds": 1.0004600286483765,
          "sender": false,
          "socket": 5,
          "start": 5.000595
        }
      ],
      "sum": {
        "bits_per_second": 815417012.813732,
        "bytes": 101974016,
        "end": 6.001055,
        "omitted": false,
        "seconds": 1.0004600286483765,
        "sender": false,
        "start": 5.000595
      }
    },
    {
      "streams": [
        {
          "bits_per_second": 808646965.0223447,
          "bytes": 101056512,
          "end": 7.000814,
          "omitted": false,
          "seconds": 0.999759018421173,
          "sender": false,
          "socket": 5,
          "start": 6.001055
        }
      ],
      "sum": {
        "bits_per_second": 808646965.0223447,
        "bytes": 101056512,
        "end": 7.000814,
        "omitted": false,
        "seconds": 0.999759018421173,
        "sender": false,
        "start": 6.001055
      }
    },
    {
      "streams": [
        {
          "bits_per_second": 815868816.8334838,
          "bytes": 101974016,
          "end": 8.00072,
          "omitted": false,
          "seconds": 0.9999060034751892,
          "sender": false,
          "socket": 5,
          "start": 7.000814
        }
      ],
      "sum": {
        "bits_per_second": 815868816.8334838,
        "bytes": 101974016,
        "end": 8.00072,
        "omitted": false,
        "seconds": 0.9999060034751892,
        "sender": false,
        "start": 7.000814
      }
    },
    {
      "streams": [
        {
          "bits_per_second": 789186268.0508214,
          "bytes": 98697216,
          "end": 9.001216,
          "omitted": false,
          "seconds": 1.0004960298538208,
          "sender": false,
          "socket": 5,
          "start": 8.00072
        }
      ],
      "sum": {
        "bits_per_second": 789186268.0508214,
        "bytes": 98697216,
        "end": 9.001216,
        "omitted": false,
        "seconds": 1.0004960298538208,
        "sender": false,
        "start": 8.00072
      }
    },
    {
      "streams": [
        {
          "bits_per_second": 654827410.5837047,
          "bytes": 81788928,
          "end": 10.000428,
          "omitted": false,
          "seconds": 0.9992120265960693,
          "sender": false,
          "socket": 5,
          "start": 9.001216
        }
      ],
      "sum": {
        "bits_per_second": 654827410.5837047,
        "bytes": 81788928,
        "end": 10.000428,
        "omitted": false,
        "seconds": 0.9992120265960693,
        "sender": false,
        "start": 9.001216
      }
    },
    {
      "streams": [
        {
          "bits_per_second": 763946629.745753,
          "bytes": 95551488,
          "end": 11.001037,
          "omitted": false,
          "seconds": 1.000609040260315,
          "sender": false,
          "socket": 5,
          "start": 10.000428
        }
      ],
      "sum": {
        "bits_per_second": 763946629.745753,
        "bytes": 95551488,
        "end": 11.001037,
        "omitted": false,
        "seconds": 1.000609040260315,
        "sender": false,
        "start": 10.000428
      }
    },
    {
      "streams": [
        {
          "bits_per_second": 812825222.1535068,
          "bytes": 101580800,
          "end": 12.000817,
          "omitted": false,
          "seconds": 0.999779999256134,
          "sender": false,
          "socket": 5,
          "start": 11.001037
        }
      ],
      "sum": {
        "bits_per_second": 812825222.1535068,
        "bytes": 101580800,
        "end": 12.000817,
        "omitted": false,
        "seconds": 0.999779999256134,
        "sender": false,