{
  "num_requests": 120,
  "num_prefill_batches": 117,
  "num_decode_rounds": 4930,
  "prefill_latency_ms": {
    "mean": 106.83626817190088,
    "p50": 90.94777947757393,
    "p90": 203.515904257074,
    "p95": 212.80476916581392
  },
  "decode_forward_time_ms": {
    "mean": 13.523670119652808,
    "p50": 13.611414469778538,
    "p90": 15.233769128099084,
    "p95": 15.662581846117973
  }
}
