{
  "num_requests": 120,
  "num_prefill_batches": 117,
  "num_decode_rounds": 5772,
  "prefill_latency_ms": {
    "mean": 212.85106085124426,
    "p50": 139.1392539953813,
    "p90": 525.6383179221302,
    "p95": 568.933433026541
  },
  "decode_forward_time_ms": {
    "mean": 22.430648410743476,
    "p50": 23.068406153470278,
    "p90": 27.779923076741397,
    "p95": 28.584347199648615
  }
}
