{
  "num_requests": 120,
  "num_prefill_batches": 111,
  "num_decode_rounds": 4206,
  "prefill_latency_ms": {
    "mean": 289.0215825386501,
    "p50": 175.4671474918723,
    "p90": 783.1743643386293,
    "p95": 856.4239998813719
  },
  "decode_forward_time_ms": {
    "mean": 30.873192366798502,
    "p50": 30.923450365662575,
    "p90": 35.38357256911695,
    "p95": 35.901084542274475
  }
}
