{
  "num_requests": 120,
  "num_prefill_batches": 91,
  "num_decode_rounds": 3825,
  "prefill_latency_ms": {
    "mean": 415.8860333089251,
    "p50": 199.86963586416095,
    "p90": 1243.6045471113175,
    "p95": 1538.9208071865141
  },
  "decode_forward_time_ms": {
    "mean": 31.499604819756414,
    "p50": 31.40005306340754,
    "p90": 35.64357538707554,
    "p95": 36.184075428172946
  }
}
