{
    "huggyllama/llama-7B": {
        "1": {
            "decoding_large_small_bs_threshold": 95,
            "prefill": [
                0.12060114941153402,
                9.928430712657205e-06,
                -5.781311251367345e-10
            ],
            "decoding_smallbs": [
                -0.05301331493379941,
                -1.49886715630254e-06,
                0.02675059720858799,
                1.0592082052342948e-06,
                4.80278315614957e-07,
                -2.339618702627061e-10
            ],
            "decoding_largebs": []
        }
    }
}