{
    "/users/rh/.cache/modelscope/hub/models/LLM-Research/Llama-3.2-3B/converted_bin_v2": {
        "1": {
            "decoding_large_small_bs_threshold": 95,
            "prefill": [
                0.10859503582431593,
                -1.0313831823192179e-06,
                1.5251746227291097e-09
            ],
            "decoding_smallbs": [
                2.937658176222242,
                0.0003792612150634774,
                -0.012581994524870485,
                1.1338408442560012e-05,
                6.9611724330783105e-06,
                -6.356408978830399e-07
            ],
            "decoding_largebs": []
        }
    }
}