{
    "/users/rh/.cache/modelscope/hub/models/LLM-Research/Llama-3.2-1B/converted_bin_v2": {
        "1": {
            "decoding_large_small_bs_threshold": 95,
            "prefill": [
                0.06470559132658088,
                8.575990073618139e-06,
                -2.080369784797373e-09
            ],
            "decoding_smallbs": [
                -0.023991020656865217,
                1.1465348096899712e-07,
                0.012395326805955306,
                1.6804979230257982e-07,
                5.952903585166086e-07,
                -1.9164017593345277e-10
            ],
            "decoding_largebs": []
        }
    },
    "/users/rh/.cache/modelscope/hub/models/LLM-Research/Llama-3.2-3B/converted_bin_v2": {
        "1": {
            "decoding_large_small_bs_threshold": 95,
            "prefill": [
                0.09967597497217734,
                5.566074704972406e-06,
                6.798521859138722e-11
            ],
            "decoding_smallbs": [
                -0.04222709159381346,
                -2.8639758445819922e-08,
                0.021695183788597323,
                4.343648877275496e-08,
                8.936237153411576e-07,
                -5.150145805396723e-11
            ],
            "decoding_largebs": []
        }
    },
    "huggyllama/llama-7b": {
        "1": {
            "decoding_large_small_bs_threshold": 95,
            "prefill": [
                0.12060114941153402,
                9.928430712657205e-06,
                -5.781311251367345e-10
            ],
            "decoding_smallbs": [
                -0.05301331493379941,
                -1.49886715630254e-06,
                0.02675059720858799,
                1.0592082052342948e-06,
                4.80278315614957e-07,
                -2.339618702627061e-10
            ],
            "decoding_largebs": []
        }
    },
    "/users/rh/.cache/modelscope/hub/models/LLM-Research/Meta-Llama-3.1-8B/converted_bin_v2": {
        "1": {
            "decoding_large_small_bs_threshold": 95,
            "prefill": [
                0.12494691581697494,
                9.664530380943823e-06,
                -2.856875990079199e-09
            ],
            "decoding_smallbs": [
                -0.054704051990057734,
                -1.4376354682924798e-06,
                0.028042973950457864,
                1.6446725004515958e-07,
                7.651190904478333e-07,
                5.518573829054899e-10
            ],
            "decoding_largebs": []
        }
    }
}