{
    "/users/rh/.cache/modelscope/hub/models/LLM-Research/llama-2-7b/converted_bin_v2": {
        "1": {
            "decoding_large_small_bs_threshold": 95,
            "prefill": [
                33.68441439289184,
                33.68441439360404,
                0.05524159233463381,
                0.05524159233521006,
                -1.0182140671172832e-05
            ],
            "decoding_smallbs": [
                12.825363889494609,
                0.06628545784815683,
                0.0003968970599531482,
                0.0005483040768806543
            ],
            "decoding_largebs": [
                12.825363889494609,
                0.06628545784815683,
                0.0003968970599531482,
                0.0005483040768806543
            ]
        }
    }
}
