{
    "/users/rh/.cache/modelscope/hub/models/LLM-Research/llama-2-7b/converted_bin_v2": {
        "1": {
            "decoding_large_small_bs_threshold": 95,
            "prefill": [
                53.834201949396764,
                53.83420194394987,
                0.06745748956370617,
                0.06745748958040712,
                -1.5647342473768306e-05
            ],
            "decoding_smallbs": [
                14.30057775874981,
                14.300577758754981,
                0.0005018118161923005,
                0.0005018118205003405
            ],
            "decoding_largebs": [
                14.30057775874981,
                14.300577758754981,
                0.0005018118161923005,
                0.0005018118205003405
            ]
        }
    }
}
