{
    "/users/rh/.cache/modelscope/hub/models/LLM-Research/Llama-3.2-1B/converted_bin_v2": {
        "1": {
            "decoding_large_small_bs_threshold": 95,
            "prefill": [
                38.17707063655342,
                38.177070637266695,
                0.005529966735478755,
                0.005529966741999858,
                -4.499722465429675e-06
            ],
            "decoding_smallbs": [
                14.09965119029077,
                0.15653362868808723,
                1.6281242243096895e-05,
                0.0003039225218563044
            ],
            "decoding_largebs": [
                14.09965119029077,
                0.15653362868808723,
                1.6281242243096895e-05,
                0.0003039225218563044
            ]
        }
    },
    "/users/rh/.cache/modelscope/hub/models/LLM-Research/Llama-3.2-3B/converted_bin_v2": {
        "1": {
            "decoding_large_small_bs_threshold": 95,
            "prefill": [
                59.652824523141085,
                59.65282453305146,
                0.012842078138020338,
                0.012842078111569948,
                -1.3592305332733497e-05
            ],
            "decoding_smallbs": [
                23.944357723708144,
                0.1935430134371748,
                9.532612370418341e-05,
                0.00036604214770006666
            ],
            "decoding_largebs": [
                23.944357723708144,
                0.1935430134371748,
                9.532612370418341e-05,
                0.00036604214770006666
            ]
        }
    },
    "/users/rh/.cache/modelscope/hub/models/LLM-Research/Meta-Llama-3.1-8B/converted_bin_v2": {
        "1": {
            "decoding_large_small_bs_threshold": 95,
            "prefill": [
                75.90858865689273,
                75.90858865449259,
                0.0147143277231336,
                0.014714327725112808,
                -1.7307673652749224e-05
            ],
            "decoding_smallbs": [
                29.827687172449327,
                0.19298183483017503,
                0.00017691795010501827,
                0.00021268883879276492
            ],
            "decoding_largebs": [
                29.827687172449327,
                0.19298183483017503,
                0.00017691795010501827,
                0.00021268883879276492
            ]
        }
    },
    "/users/rh/.cache/modelscope/hub/models/LLM-Research/llama-2-7b/converted_bin_v2": {
        "1": {
            "decoding_large_small_bs_threshold": 95,
            "prefill": [
                62.96636020302151,
                62.96636020302151,
                0.07046914225889812,
                0.07046914228746712,
                -2.575317100796448e-05
            ],
            "decoding_smallbs": [
                27.997053251083443,
                0.20415354410368397,
                0.0005066191338070778,
                0.00022690104914270138
            ],
            "decoding_largebs": [
                27.997053251083443,
                0.20415354410368397,
                0.0005066191338070778,
                0.00022690104914270138
            ]
        }
    }
}
