{
    "/users/rh/.cache/modelscope/hub/models/LLM-Research/Llama-3.2-1B/converted_bin_v2": {
        "1": {
            "decoding_large_small_bs_threshold": 95,
            "prefill": [
                0.06470559132658088,
                8.575990073618139e-06,
                -2.080369784797373e-09
            ],
            "decoding_smallbs": [
                0.0005338431257084828,
                3.236586064205113e-08,
                0.0005338431257084828
            ],
            "decoding_largebs": []
        }
    }
}