{
    "/users/rh/.cache/modelscope/hub/models/LLM-Research/Llama-3.2-1B/converted_bin_v2": {
        "1": {
            "decoding_large_small_bs_threshold": 95,
            "prefill": [
                38.185528769200545,
                38.18552877255423,
                0.00616088470213069,
                0.006160884708607446,
                -4.527328500648597e-06
            ],
            "decoding_smallbs": [
                14.046574169329842,
                0.16334160691936478,
                1.0543741493523798e-05,
                0.0004094717763406294
            ],
            "decoding_largebs": [
                14.046574169329842,
                0.16334160691936478,
                1.0543741493523798e-05,
                0.0004094717763406294
            ]
        }
    },
    "/users/rh/.cache/modelscope/hub/models/LLM-Research/Llama-3.2-3B/converted_bin_v2": {
        "1": {
            "decoding_large_small_bs_threshold": 95,
            "prefill": [
                59.949294848649416,
                59.94929485910344,
                0.012131245290136447,
                0.012131245285300947,
                -1.2007566893641047e-05
            ],
            "decoding_smallbs": [
                24.03646513669025,
                0.19413705830401987,
                0.00010110885109715358,
                0.00028021904271817395
            ],
            "decoding_largebs": [
                24.03646513669025,
                0.19413705830401987,
                0.00010110885109715358,
                0.00028021904271817395
            ]
        }
    },
    "/users/rh/.cache/modelscope/hub/models/LLM-Research/Meta-Llama-3.1-8B/converted_bin_v2": {
        "1": {
            "decoding_large_small_bs_threshold": 95,
            "prefill": [
                76.21282302158126,
                76.21282302017613,
                0.013377133745374074,
                0.013377133745891286,
                -1.3963644445640171e-05
            ],
            "decoding_smallbs": [
                29.94026438922051,
                0.21406050281544925,
                0.00015111193896172263,
                0.0001848424652773346
            ],
            "decoding_largebs": [
                29.94026438922051,
                0.21406050281544925,
                0.00015111193896172263,
                0.0001848424652773346
            ]
        }
    },
    "/users/rh/.cache/modelscope/hub/models/LLM-Research/llama-2-7b/converted_bin_v2": {
        "1": {
            "decoding_large_small_bs_threshold": 95,
            "prefill": [
                53.834201949396764,
                53.83420194394987,
                0.06745748956370617,
                0.06745748958040712,
                -1.5647342473768306e-05
            ],
            "decoding_smallbs": [
                28.02868077223566,
                0.17245817802278668,
                0.000592309347882228,
                0.00014867656871816388
            ],
            "decoding_largebs": [
                28.02868077223566,
                0.17245817802278668,
                0.000592309347882228,
                0.00014867656871816388
            ]
        }
    }
}
