{
    "/users/rh/.cache/modelscope/hub/models/LLM-Research/Llama-3.2-1B/converted_bin_v2": {
        "1": {
            "decoding_large_small_bs_threshold": 95,
            "prefill": [
                38.185528769200545,
                38.18552877255423,
                0.00616088470213069,
                0.006160884708607446,
                -4.527328500648597e-06
            ],
            "decoding_smallbs": [
                15.530166274056779,
                -1.5189509065393176,
                0.002183724142814711,
                -0.005173349565425101
            ],
            "decoding_largebs": [
                15.530166274056779,
                -1.5189509065393176,
                0.002183724142814711,
                -0.005173349565425101
            ]
        }
    },
    "/users/rh/.cache/modelscope/hub/models/LLM-Research/Llama-3.2-3B/converted_bin_v2": {
        "1": {
            "decoding_large_small_bs_threshold": 95,
            "prefill": [
                59.949294848649416,
                59.94929485910344,
                0.012131245290136447,
                0.012131245285300947,
                -1.2007566893641047e-05
            ],
            "decoding_smallbs": [
                13.639997129765336,
                0.6331745333433503,
                0.0007434908994637997,
                -0.0016045434506338993
            ],
            "decoding_largebs": [
                13.639997129765336,
                0.6331745333433503,
                0.0007434908994637997,
                -0.0016045434506338993
            ]
        }
    },
    "/users/rh/.cache/modelscope/hub/models/LLM-Research/Meta-Llama-3.1-8B/converted_bin_v2": {
        "1": {
            "decoding_large_small_bs_threshold": 95,
            "prefill": [
                76.21282302158126,
                76.21282302017613,
                0.013377133745374074,
                0.013377133745891286,
                -1.3963644445640171e-05
            ],
            "decoding_smallbs": [
                13.24890030905987,
                0.6855880107813088,
                0.0011089441455096923,
                -0.0010275414502706754
            ],
            "decoding_largebs": [
                13.24890030905987,
                0.6855880107813088,
                0.0011089441455096923,
                -0.0010275414502706754
            ]
        }
    },
    "/users/rh/.cache/modelscope/hub/models/LLM-Research/llama-2-7b/converted_bin_v2": {
        "1": {
            "decoding_large_small_bs_threshold": 95,
            "prefill": [
                79.3410647629097,
                79.34106473981629,
                0.06887560519274215,
                0.06887560518600126,
                -2.3675284877291654e-05
            ],
            "decoding_smallbs": [
                25.617225750293777,
                0.44105126368783787,
                0.0015794833164953276,
                -0.009873140368982476
            ],
            "decoding_largebs": [
                25.617225750293777,
                0.44105126368783787,
                0.0015794833164953276,
                -0.009873140368982476
            ]
        }
    }
}
