{
    "/users/rh/.cache/modelscope/hub/models/LLM-Research/Meta-Llama-3.1-8B/converted_bin_v2": {
        "1": {
            "decoding_large_small_bs_threshold": 95,
            "prefill": [
                0.12494691581697494,
                9.664530380943823e-06,
                -2.856875990079199e-09
            ],
            "decoding_smallbs": [
                -0.054704051990057734,
                -1.4376354682924798e-06,
                0.028042973950457864,
                1.6446725004515958e-07,
                7.651190904478333e-07,
                5.518573829054899e-10
            ],
            "decoding_largebs": []
        }
    }
}