{
    "/users/rh/.cache/modelscope/hub/models/LLM-Research/Llama-3.2-1B/converted_bin_v2": {
        "1": {
            "decoding_large_small_bs_threshold": 95,
            "prefill": [
                95.93844197466503,
                0.0041079708461324565,
                -1.698832756549352e-08
            ],
            "decoding_smallbs": [
                16.84210727627765,
                0.0,
                3.387055619293191e-05,
                0.0,
                -8.398948596217821e-05
            ],
            "decoding_largebs": [
                16.84210727627765,
                0.0,
                3.387055619293191e-05,
                0.0,
                -8.398948596217821e-05
            ]
        }
    },
    "/users/rh/.cache/modelscope/hub/models/LLM-Research/Llama-3.2-3B/converted_bin_v2": {
        "1": {
            "decoding_large_small_bs_threshold": 95,
            "prefill": [
                128.15436024759248,
                0.017325824767665466,
                -5.78847480635588e-06
            ],
            "decoding_smallbs": [
                25.932759224609832,
                0.0,
                -5.671801387624947e-05,
                0.0,
                -0.00027069408978494834
            ],
            "decoding_largebs": [
                25.932759224609832,
                0.0,
                -5.671801387624947e-05,
                0.0,
                -0.00027069408978494834
            ]
        }
    },
    "huggyllama/llama-7b": {
        "1": {
            "decoding_large_small_bs_threshold": 95,
            "prefill": [
                177.2890870901423,
                0.07887946081443359,
                1.214319678483463e-05
            ],
            "decoding_smallbs": [
                41.0,
                0.12,
                -0.0006,
                0.0,
                5.1567739390013045e-05
            ],
            "decoding_largebs": [
                41.0,
                0.12,
                -0.0006,
                0.0,
                5.1567739390013045e-05
            ]
        }
    },
    "/users/rh/.cache/modelscope/hub/models/LLM-Research/Meta-Llama-3.1-8B/converted_bin_v2": {
        "1": {
            "decoding_large_small_bs_threshold": 95,
            "prefill": [
                166.48395408567671,
                0.0190340595144185,
                -7.981748054152578e-06
            ],
            "decoding_smallbs": [
                35.40928427198706,
                0.0,
                1.537698684107351e-05,
                0.0,
                -0.0004048312425533821
            ],
            "decoding_largebs": [
                35.40928427198706,
                0.0,
                1.537698684107351e-05,
                0.0,
                -0.0004048312425533821
            ]
        }
    }
}
