{
    "/users/rh/.cache/modelscope/hub/models/LLM-Research/Llama-3.2-1B/converted_bin_v2": {
        "1": {
            "decoding_large_small_bs_threshold": 95,
            "prefill": [
                38.185528769200545,
                38.18552877255423,
                0.00616088470213069,
                0.006160884708607446,
                -4.527328500648597e-06
            ],
            "decoding_smallbs": [
                14.046574169329842,
                0.16334160691936478,
                1.0543741493523798e-05,
                0.0004094717763406294
            ],
            "decoding_largebs": [
                14.046574169329842,
                0.16334160691936478,
                1.0543741493523798e-05,
                0.0004094717763406294
            ]
        },
        "2": {
            "decoding_large_small_bs_threshold": 95,
            "prefill": [
                53.09804037818165,
                53.09804036708959,
                0.002624325118383263,
                0.002624325109271864,
                -4.576631635548748e-06
            ],
            "decoding_smallbs": [
                12.96141643016019,
                0.47589540768412736,
                0.00035325447990391294,
                -0.002174582833197443
            ],
            "decoding_largebs": [
                12.96141643016019,
                0.47589540768412736,
                0.00035325447990391294,
                -0.002174582833197443
            ]
        }
    },
    "/users/rh/.cache/modelscope/hub/models/LLM-Research/Llama-3.2-3B/converted_bin_v2": {
        "1": {
            "decoding_large_small_bs_threshold": 95,
            "prefill": [
                59.949294848649416,
                59.94929485910344,
                0.012131245290136447,
                0.012131245285300947,
                -1.2007566893641047e-05
            ],
            "decoding_smallbs": [
                24.03646513669025,
                0.19413705830401987,
                0.00010110885109715358,
                0.00028021904271817395
            ],
            "decoding_largebs": [
                24.03646513669025,
                0.19413705830401987,
                0.00010110885109715358,
                0.00028021904271817395
            ]
        },
        "2": {
            "decoding_large_small_bs_threshold": 95,
            "prefill": [
                92.7545549569758,
                92.75455495899493,
                -0.007564839705850089,
                -0.007564839694011142,
                7.427448811342111e-06
            ],
            "decoding_smallbs": [
                11.589737980293858,
                1.0152997761994762,
                0.0006011762340183037,
                -8.030740921609808e-05
            ],
            "decoding_largebs": [
                11.589737980293858,
                1.0152997761994762,
                0.0006011762340183037,
                -8.030740921609808e-05
            ]
        }
    },
    "/users/rh/.cache/modelscope/hub/models/LLM-Research/Meta-Llama-3.1-8B/converted_bin_v2": {
        "1": {
            "decoding_large_small_bs_threshold": 95,
            "prefill": [
                76.21282302158126,
                76.21282302017613,
                0.013377133745374074,
                0.013377133745891286,
                -1.3963644445640171e-05
            ],
            "decoding_smallbs": [
                29.94026438922051,
                0.21406050281544925,
                0.00015111193896172263,
                0.0001848424652773346
            ],
            "decoding_largebs": [
                29.94026438922051,
                0.21406050281544925,
                0.00015111193896172263,
                0.0001848424652773346
            ]
        },
        "2": {
            "decoding_large_small_bs_threshold": 95,
            "prefill": [
                111.50094775311352,
                111.50094774707408,
                -0.008436031227269122,
                -0.008436031295340004,
                7.70429467755496e-06
            ],
            "decoding_smallbs": [
                14.814395341697994,
                0.5056616113475498,
                0.00023113956409163774,
                -0.002272381488158532
            ],
            "decoding_largebs": [
                14.814395341697994,
                0.5056616113475498,
                0.00023113956409163774,
                -0.002272381488158532
            ]
        }
    },
    "/users/rh/.cache/modelscope/hub/models/LLM-Research/llama-2-7b/converted_bin_v2": {
        "1": {
            "decoding_large_small_bs_threshold": 95,
            "prefill": [
                53.834201949396764,
                53.83420194394987,
                0.06745748956370617,
                0.06745748958040712,
                -1.5647342473768306e-05
            ],
            "decoding_smallbs": [
                28.02868077223566,
                0.17245817802278668,
                0.000592309347882228,
                0.00014867656871816388
            ],
            "decoding_largebs": [
                28.02868077223566,
                0.17245817802278668,
                0.000592309347882228,
                0.00014867656871816388
            ]
        },
        "2": {
            "decoding_large_small_bs_threshold": 95,
            "prefill": [
                101.41326855369128,
                101.41326855236825,
                0.012478092593456004,
                0.012478092594712319,
                -2.145108239842045e-05
            ],
            "decoding_smallbs": [
                11.997821705353227,
                0.429222724980017,
                -0.0005652738788694412,
                0.0035922485392600283
            ],
            "decoding_largebs": [
                11.997821705353227,
                0.429222724980017,
                -0.0005652738788694412,
                0.0035922485392600283
            ]
        }
    }
}
