{
    "/users/rh/.cache/modelscope/hub/models/LLM-Research/Llama-3.2-1B/converted_bin_v2": {
        "1": {
            "decoding_large_small_bs_threshold": 95,
            "prefill": [
                0.06470559132658088,
                8.575990073618139e-06,
                -2.080369784797373e-09
            ],
            "decoding_smallbs": [
                -0.023991020656865217,
                1.1465348096899712e-07,
                0.012395326805955306,
                1.6804979230257982e-07,
                5.952903585166086e-07,
                -1.9164017593345277e-10
            ],
            "decoding_largebs": []
        }
    }
}