{
    "/users/rh/.cache/modelscope/hub/models/LLM-Research/Llama-3.2-1B/converted_bin_v2": {
        "1": {
            "decoding_large_small_bs_threshold": 95,
            "prefill": [
                0.06470559132658088,
                8.575990073618139e-06,
                -2.080369784797373e-09
            ],
            "decoding_smallbs": [
                -0.023845437858684763,
                -2.7196905106703563e-07,
                0.01239182462066707,
                1.717540814081495e-07,
                5.981086197828177e-07,
                0
            ],
            "decoding_largebs": []
        }
    }
}