{
    "/users/rh/.cache/modelscope/hub/models/LLM-Research/Llama-3.2-3B/converted_bin_v2": {
        "1": {
            "decoding_large_small_bs_threshold": 95,
            "prefill": [
                0.09967597497217734,
                5.566074704972406e-06,
                6.798521859138722e-11
            ],
            "decoding_smallbs": [
                -0.04222709159381346,
                -2.8639758445819922e-08,
                0.021695183788597323,
                4.343648877275496e-08,
                8.936237153411576e-07,
                -5.150145805396723e-11
            ],
            "decoding_largebs": []
        }
    }
}