{
    "/users/rh/.cache/modelscope/hub/models/LLM-Research/llama-2-7b/converted_bin_v2": {
        "1": {
            "decoding_large_small_bs_threshold": 95,
            "prefill": [
                54.05787996604932,
                54.0578799593198,
                0.06661361823460339,
                0.06661361824764091,
                -1.6028577725061953e-05
            ],
            "decoding_smallbs": [
                14.266601649643421,
                14.266601649645398,
                0.0005098087616740535,
                0.0005098087676463564
            ],
            "decoding_largebs": [
                14.266601649643421,
                14.266601649645398,
                0.0005098087616740535,
                0.0005098087676463564
            ]
        }
    }
}
