{
    "/users/rh/.cache/modelscope/hub/models/LLM-Research/Llama-3.2-1B/converted_bin_v2": {
        "1": {
            "prefill": [
                8.347939006649518,
                8.347939006675379,
                0.004811193426872056,
                0.004811193427498439,
                2.1263038305982094e-06
            ],
            "decoding_smallbs": [
                2.4379170043290253,
                0.024885708224451387,
                2.2928068259344918e-05,
                2.172013268049904e-05
            ],
            "decoding_largebs": [
                2.4379170043290253,
                0.024885708224451387,
                2.2928068259344918e-05,
                2.172013268049904e-05
            ],
            "decoding_large_small_bs_threshold": 95
        }
    },
    "/users/rh/.cache/modelscope/hub/models/LLM-Research/Llama-3.2-3B/converted_bin_v2": {
        "1": {
            "prefill": [
                7.542955761757474,
                20.376819768083852,
                -0.23595730009840077,
                0.25569745419284956,
                7.652915573699154e-06
            ],
            "decoding_smallbs": [
                5.930741959954081,
                0.041853648175003054,
                6.770452847277127e-05,
                6.775827737003328e-05
            ],
            "decoding_largebs": [
                5.930741959954081,
                0.041853648175003054,
                6.770452847277127e-05,
                6.775827737003328e-05
            ],
            "decoding_large_small_bs_threshold": 95
        }
    },
    "/users/rh/.cache/modelscope/hub/models/LLM-Research/Meta-Llama-3.1-8B/converted_bin_v2": {
        "1": {
            "prefill": [
                17.596811781365368,
                18.017160822250712,
                0.035903326278595944,
                0.03732012323422029,
                -2.4568790561092037e-06
            ],
            "decoding_smallbs": [
                11.834013935718838,
                0.0663420587801631,
                8.67803442126561e-05,
                5.264952123073861e-05
            ],
            "decoding_largebs": [
                11.834013935718838,
                0.0663420587801631,
                8.67803442126561e-05,
                5.264952123073861e-05
            ],
            "decoding_large_small_bs_threshold": 95
        }
    }
}
