{
    "huggyllama/llama-7b": {
        "1": {
            "decoding_large_small_bs_threshold": 95,
            "prefill": [
                0.22767012665589212,
                2.2822366611348138e-05,
                9.52885958501198e-09
            ],
            "decoding_smallbs": [
                6.82425904929396,
                0.001328297550291796,
                -0.028706010212384045,
                2.142527981835271e-05,
                1.5669418853876925e-05,
                -1.5538652965697973e-06
            ],
            "decoding_largebs": []
        }
    }
}