{
    "huggyllama/llama-7b": {
        "1": {
            "decoding_large_small_bs_threshold": 95,
            "prefill": [
                11.568451262176277,
                0.05260261914881296,
                9.99777748314531e-06
            ],
            "decoding_smallbs": [
                6.813312042759341,
                0.0013669446316566646,
                6.813312042759342
            ],
            "decoding_largebs": []
        }
    }
}