{
    "facebook/opt-13b": {
        "1": {
            "decoding_large_small_bs_threshold": 95,
            "prefill": [
                19.34964655142843,
                0.10107857433417679,
                3.634773835606179e-05
            ],
            "decoding_smallbs": [
                23.704462391378428,
                0.0007632769552850958,
                0.04740543074433042
            ],
            "decoding_largebs": []
        },
        "2": {
            "decoding_large_small_bs_threshold": 95,
            "prefill": [
                17.02931949176043,
                0.16913383881305752,
                8.431782364225857e-06
            ],
            "decoding_smallbs": [
                16.353069076412964,
                0.00043898931930336053,
                0.19036124696988577
            ],
            "decoding_largebs": []
        }
    }
}