{
    "huggyllama/llama-7b": {
        "1": {
            "decoding_large_small_bs_threshold": 95,
            "prefill": [
                44.62883990321798,
                -0.0019680527478611294,
                3.3694572596669243e-05
            ],
            "decoding_smallbs": [
                6.765730908797212,
                0.0015642726688439683,
                6.765730908797219
            ],
            "decoding_largebs": []
        }
    }
}