{
    "facebook/opt-13b": {
        "1": {
            "decoding_large_small_bs_threshold": 95,
            "prefill": [
                18.280470975736552,
                0.109168110115258,
                9.840413622049748e-06
            ],
            "decoding_smallbs": [
                23.15191106441753,
                0.0007732298140410191,
                0.049723951953391084
            ],
            "decoding_largebs": [
                22.20159609570915,
                0.0006717000889105177,
                0.08193134205602276
            ]
        }
    },
    "huggyllama/llama-7b": {
        "2": {
            "decoding_large_small_bs_threshold": 95,
            "prefill": [
                11.148710670452843,
                0.12912486861389383,
                -0.00015933374822544422
            ],
            "decoding_smallbs": [
                5.117887663079855,
                0.001855794678678302,
                5.117887663079853
            ],
            "decoding_largebs": []
        }
    }
}