{
  "num_requests": 120,
  "num_prefill_batches": 117,
  "num_decode_rounds": 5432,
  "prefill_latency_ms": {
    "mean": 109.69178311837216,
    "p50": 91.66814002674073,
    "p90": 189.18886380270138,
    "p95": 224.57132211420668
  },
  "decode_forward_time_ms": {
    "mean": 13.287008686386534,
    "p50": 12.98271503765136,
    "p90": 15.060910256579518,
    "p95": 15.503863256890327
  }
}
