{
    "/users/rh/.cache/modelscope/hub/models/LLM-Research/Llama-3.2-1B/converted_bin_v2": {
        "1": {
            "decoding_large_small_bs_threshold": 95,
            "prefill": [
                8.030279879221203,
                -0.0013056712401863324,
                4.425573569234681e-05
            ],
            "decoding_smallbs": [
                4.753229001297375,
                0.0038879353222985302,
                0.0021532788313748286,
                3.165844141098028e-08,
                2.7636991753844717e-08,
                2.909101756471668e-07
            ],
            "decoding_largebs": []
        },
        "2": {
            "decoding_large_small_bs_threshold": 95,
            "prefill": [
                9.592799346105055,
                0.014795826741983594,
                4.166968573718731e-05
            ],
            "decoding_smallbs": [
                4.805332802177004,
                0.004541534434377025,
                0.0023207846702056755,
                -5.874290237757503e-08,
                -9.928805493943135e-09,
                -4.211931660402212e-08
            ],
            "decoding_largebs": []
        }
    },
    "/users/rh/.cache/modelscope/hub/models/LLM-Research/Llama-3.2-3B/converted_bin_v2": {
        "1": {
            "decoding_large_small_bs_threshold": 95,
            "prefill": [
                18.617711404666736,
                -0.012912909039880521,
                0.00016551474974398718
            ],
            "decoding_smallbs": [
                8.631144683836508,
                0.012191940152660345,
                0.006275443679928982,
                1.7882431416882925e-07,
                -4.5400503198584765e-08,
                2.3004986498918427e-07
            ],
            "decoding_largebs": []
        },
        "2": {
            "decoding_large_small_bs_threshold": 95,
            "prefill": [
                18.85447517229713,
                0.04061121404296933,
                0.00012678497737628663
            ],
            "decoding_smallbs": [
                7.6261326750745395,
                0.01315887438026094,
                0.006670161636640972,
                -1.746610385929591e-07,
                -1.5712640753143844e-07,
                -2.0082696234472817e-07
            ],
            "decoding_largebs": []
        }
    },
    "/users/rh/.cache/modelscope/hub/models/LLM-Research/Meta-Llama-3.1-8B/converted_bin_v2": {
        "1": {
            "decoding_large_small_bs_threshold": 95,
            "prefill": [
                26.62292935358008,
                0.005862233113869055,
                0.0002229444108737981
            ],
            "decoding_smallbs": [
                15.539972022780535,
                0.014668719210403077,
                0.00737608138359912,
                -4.013657056802854e-08,
                5.656591338961752e-08,
                1.6819207282448893e-07
            ],
            "decoding_largebs": []
        },
        "2": {
            "decoding_large_small_bs_threshold": 95,
            "prefill": [
                23.538535934773744,
                0.07829507470851205,
                0.00016060361177848605
            ],
            "decoding_smallbs": [
                11.369899302877508,
                0.015446361882858783,
                0.007747807056363297,
                -9.177237758562687e-08,
                -2.3076463187216055e-07,
                -6.301642017566697e-07
            ],
            "decoding_largebs": []
        }
    },
    "huggyllama/llama-7b": {
        "1": {
            "decoding_large_small_bs_threshold": 95,
            "prefill": [
                7.221124360355375,
                0.05847386361775723,
                1.0005177833609454e-05
            ],
            "decoding_smallbs": [
                13.674604716290242,
                0.0016561441395397108,
                0.0007853778346036601,
                5.814084831382186e-09,
                1.622878263961153e-08,
                -3.887721676232229e-08
            ],
            "decoding_largebs": []
        },
        "2": {
            "decoding_large_small_bs_threshold": 95,
            "prefill": [
                9.860488265500846,
                0.10430292777213274,
                4.921258438921543e-06
            ],
            "decoding_smallbs": [
                10.265878728384475,
                0.001482401564789711,
                0.0007889739029580359,
                -2.2140512681487276e-08,
                -5.142440999441571e-08,
                -5.8253420986058087e-08
            ],
            "decoding_largebs": []
        }
    }
}