{
  "num_requests": 120,
  "num_prefill_batches": 117,
  "num_decode_rounds": 5931,
  "prefill_latency_ms": {
    "mean": 119.59829459471318,
    "p50": 98.4751054784283,
    "p90": 207.01770731247976,
    "p95": 288.95934777101496
  },
  "decode_forward_time_ms": {
    "mean": 13.060011743817398,
    "p50": 12.761279940605164,
    "p90": 14.994779136031866,
    "p95": 15.283248503692448
  }
}
