{
  "num_requests": 120,
  "num_prefill_batches": 118,
  "num_decode_rounds": 7885,
  "prefill_latency_ms": {
    "mean": 87.44282142918867,
    "p50": 67.85209092777222,
    "p90": 185.8332226984203,
    "p95": 209.62962405756107
  },
  "decode_forward_time_ms": {
    "mean": 9.748903955979605,
    "p50": 9.801262989640236,
    "p90": 11.659461725503206,
    "p95": 12.054922105744481
  }
}
