{
  "num_requests": 120,
  "num_prefill_batches": 118,
  "num_decode_rounds": 6803,
  "prefill_latency_ms": {
    "mean": 118.08585934729005,
    "p50": 100.12259695213288,
    "p90": 208.69080319535,
    "p95": 243.19352490128946
  },
  "decode_forward_time_ms": {
    "mean": 12.879601854459438,
    "p50": 12.671101838350296,
    "p90": 14.702017372474074,
    "p95": 15.18682069145143
  }
}
