{
    "/users/rh/.cache/modelscope/hub/models/LLM-Research/Llama-3.2-1B/converted_bin_v2": {
        "1": {
            "decoding_large_small_bs_threshold": 95,
            "prefill": [
                8.000171102034924,
                -0.0678667391090451,
                0.08789170418134272,
                7.430633278655946e-05
            ],
            "decoding_smallbs": [
                5.500081716541751,
                0.09512414161533639,
                5.716936436959659e-05,
                0.0043357935847417785
            ],
            "decoding_largebs": [
                5.500081716541751,
                0.09512414161533639,
                5.716936436959659e-05,
                0.0043357935847417785
            ]
        }
    },
    "/users/rh/.cache/modelscope/hub/models/LLM-Research/Llama-3.2-3B/converted_bin_v2": {
        "1": {
            "decoding_large_small_bs_threshold": 95,
            "prefill": [
                12.16017747011272,
                -0.08383060781713148,
                0.13646615963554562,
                0.00021914495288711142
            ],
            "decoding_smallbs": [
                11.161096408661091,
                0.060667818398675945,
                0.000242279658882225,
                0.010955676582774375
            ],
            "decoding_largebs": [
                11.161096408661091,
                0.060667818398675945,
                0.000242279658882225,
                0.010955676582774375
            ]
        }
    },
    "/users/rh/.cache/modelscope/hub/models/LLM-Research/Meta-Llama-3.1-8B/converted_bin_v2": {
        "1": {
            "decoding_large_small_bs_threshold": 95,
            "prefill": [
                20.37573661025501,
                -0.0623041970707457,
                0.14827260312081497,
                0.0002568920875379315
            ],
            "decoding_smallbs": [
                23.075169832557346,
                -0.021873025148807762,
                0.0008061084046084641,
                0.006393130298421536
            ],
            "decoding_largebs": [
                23.075169832557346,
                -0.021873025148807762,
                0.0008061084046084641,
                0.006393130298421536
            ]
        }
    },
    "/users/rh/.cache/modelscope/hub/models/LLM-Research/llama-2-7b/converted_bin_v2": {
        "1": {
            "decoding_large_small_bs_threshold": 95,
            "prefill": [
                17.6183646765432,
                0.06317029663578412,
                -0.002182222247057648,
                3.6772861406545727e-06
            ],
            "decoding_smallbs": [
                14.61375358341889,
                0.12268368763078878,
                0.0003636915334516919,
                0.0007207798274047485
            ],
            "decoding_largebs": [
                14.61375358341889,
                0.12268368763078878,
                0.0003636915334516919,
                0.0007207798274047485
            ]
        }
    }
}
