{
    "/users/rh/.cache/modelscope/hub/models/LLM-Research/Llama-3.2-1B/converted_bin_v2": {
        "1": {
            "decoding_large_small_bs_threshold": 95,
            "prefill": [
                7.807090386542375,
                0.022886957608147785,
                6.891743571861114e-05
            ],
            "decoding_smallbs": [
                9.725329689756236,
                -0.2465852079067673,
                0.0006253810098078311
            ],
            "decoding_largebs": [
                9.725329689756236,
                -0.2465852079067673,
                0.0006253810098078311
            ]
        }
    },
    "/users/rh/.cache/modelscope/hub/models/LLM-Research/Llama-3.2-3B/converted_bin_v2": {
        "1": {
            "decoding_large_small_bs_threshold": 95,
            "prefill": [
                13.40436558828339,
                0.042704350175487286,
                0.00020807397979647147
            ],
            "decoding_smallbs": [
                23.955193717563137,
                -0.3504126198372964,
                0.0008748125921597483
            ],
            "decoding_largebs": [
                23.955193717563137,
                -0.3504126198372964,
                0.0008748125921597483
            ]
        }
    },
    "/users/rh/.cache/modelscope/hub/models/LLM-Research/Meta-Llama-3.1-8B/converted_bin_v2": {
        "1": {
            "decoding_large_small_bs_threshold": 95,
            "prefill": [
                22.233516928835677,
                0.07239580384120801,
                0.0002398020409217187
            ],
            "decoding_smallbs": [
                31.07393592834775,
                -0.16139407203144962,
                0.001030291796118801
            ],
            "decoding_largebs": [
                31.07393592834775,
                -0.16139407203144962,
                0.001030291796118801
            ]
        }
    },
    "/users/rh/.cache/modelscope/hub/models/LLM-Research/llama-2-7b/converted_bin_v2": {
        "1": {
            "decoding_large_small_bs_threshold": 95,
            "prefill": [
                17.620086399956374,
                0.06095233473488978,
                3.7358864393912294e-06
            ],
            "decoding_smallbs": [
                15.527985323793779,
                0.08719810870561315,
                0.00041305474582742087
            ],
            "decoding_largebs": [
                15.527985323793779,
                0.08719810870561315,
                0.00041305474582742087
            ]
        }
    }
}
