{
  "num_requests": 120,
  "num_prefill_batches": 91,
  "num_decode_rounds": 3819,
  "prefill_latency_ms": {
    "mean": 296.3912310427986,
    "p50": 150.1226203981787,
    "p90": 867.5293002044787,
    "p95": 928.4754381515086
  },
  "decode_forward_time_ms": {
    "mean": 25.234326511427845,
    "p50": 25.0397480558604,
    "p90": 29.016530560329556,
    "p95": 29.60490365512669
  }
}
