{
  "num_requests": 120,
  "num_prefill_batches": 113,
  "num_decode_rounds": 4063,
  "prefill_latency_ms": {
    "mean": 116.99750824288155,
    "p50": 88.9175005722791,
    "p90": 207.96829080209145,
    "p95": 392.4294200260192
  },
  "decode_forward_time_ms": {
    "mean": 14.05696708823841,
    "p50": 14.306231867522001,
    "p90": 15.631326986476779,
    "p95": 15.935740852728486
  }
}
