{
  "num_requests": 120,
  "num_prefill_batches": 101,
  "num_decode_rounds": 3821,
  "prefill_latency_ms": {
    "mean": 267.2257400428255,
    "p50": 141.6397150605917,
    "p90": 729.7428150195628,
    "p95": 783.6685976362787
  },
  "decode_forward_time_ms": {
    "mean": 25.2786153857127,
    "p50": 25.096361991018057,
    "p90": 28.99925713427365,
    "p95": 29.460527934134007
  }
}
