{
  "num_requests": 120,
  "num_prefill_batches": 116,
  "num_decode_rounds": 5552,
  "prefill_latency_ms": {
    "mean": 80.32975873793475,
    "p50": 59.19543094933033,
    "p90": 177.5352070108056,
    "p95": 195.03169874660668
  },
  "decode_forward_time_ms": {
    "mean": 9.939813018529556,
    "p50": 10.087335132993758,
    "p90": 11.632455978542566,
    "p95": 11.929515330120921
  }
}
