{
  "num_requests": 120,
  "num_prefill_batches": 115,
  "num_decode_rounds": 5269,
  "prefill_latency_ms": {
    "mean": 79.07018814585172,
    "p50": 55.833855527453125,
    "p90": 177.0475530065596,
    "p95": 194.46960908826438
  },
  "decode_forward_time_ms": {
    "mean": 10.041656688369724,
    "p50": 10.318094864487648,
    "p90": 11.746386531740427,
    "p95": 12.048544082790613
  }
}
