{
  "num_requests": 120,
  "num_prefill_batches": 109,
  "num_decode_rounds": 4045,
  "prefill_latency_ms": {
    "mean": 226.35504475135045,
    "p50": 133.22527951095253,
    "p90": 588.6439102934678,
    "p95": 657.9963752999901
  },
  "decode_forward_time_ms": {
    "mean": 24.857174310365828,
    "p50": 24.967214092612267,
    "p90": 28.610538598150015,
    "p95": 29.13935137912631
  }
}
