{
  "num_requests": 120,
  "num_prefill_batches": 106,
  "num_decode_rounds": 3876,
  "prefill_latency_ms": {
    "mean": 301.37294872353476,
    "p50": 180.0643465248868,
    "p90": 819.8733360040933,
    "p95": 913.2821248611435
  },
  "decode_forward_time_ms": {
    "mean": 31.419176552819533,
    "p50": 31.423833570443094,
    "p90": 35.58658098336309,
    "p95": 36.13975964253768
  }
}
