{
  "num_requests": 120,
  "num_prefill_batches": 75,
  "num_decode_rounds": 3824,
  "prefill_latency_ms": {
    "mean": 545.3790731592259,
    "p50": 275.9707149816677,
    "p90": 1435.9001089585965,
    "p95": 1666.9365667970847
  },
  "decode_forward_time_ms": {
    "mean": 31.61084182023667,
    "p50": 31.558030983433127,
    "p90": 35.72288993746042,
    "p95": 36.32900615921244
  }
}
