{
  "num_requests": 120,
  "num_prefill_batches": 83,
  "num_decode_rounds": 3825,
  "prefill_latency_ms": {
    "mean": 475.2526547197097,
    "p50": 247.25682649295777,
    "p90": 1298.6562459496818,
    "p95": 1679.6337214414957
  },
  "decode_forward_time_ms": {
    "mean": 31.51968700975618,
    "p50": 31.414109049364924,
    "p90": 35.602651769295335,
    "p95": 36.193246860057116
  }
}
