{
  "num_requests": 120,
  "num_prefill_batches": 115,
  "num_decode_rounds": 4767,
  "prefill_latency_ms": {
    "mean": 77.00887518391635,
    "p50": 49.528939998708665,
    "p90": 177.3179171141237,
    "p95": 193.71759450295937
  },
  "decode_forward_time_ms": {
    "mean": 10.254688729321652,
    "p50": 10.31360705383122,
    "p90": 11.758096283301711,
    "p95": 12.034300179220736
  }
}
