{
  "num_requests": 120,
  "num_prefill_batches": 98,
  "num_decode_rounds": 3824,
  "prefill_latency_ms": {
    "mean": 366.02961272001266,
    "p50": 179.87514147534966,
    "p90": 979.4379338854931,
    "p95": 1065.2059679850936
  },
  "decode_forward_time_ms": {
    "mean": 31.60031439754021,
    "p50": 31.577038927935064,
    "p90": 35.71256671566516,
    "p95": 36.32943705888465
  }
}
