{
  "num_requests": 120,
  "num_prefill_batches": 95,
  "num_decode_rounds": 3818,
  "prefill_latency_ms": {
    "mean": 277.9891633001777,
    "p50": 145.5209244741127,
    "p90": 722.6547519676387,
    "p95": 751.0340459295547
  },
  "decode_forward_time_ms": {
    "mean": 25.38742347296733,
    "p50": 25.21128999069333,
    "p90": 29.101158515550196,
    "p95": 29.648626362904906
  }
}
