{
  "num_requests": 120,
  "num_prefill_batches": 119,
  "num_decode_rounds": 6450,
  "prefill_latency_ms": {
    "mean": 79.53154619899578,
    "p50": 57.89126153104007,
    "p90": 180.93195208348334,
    "p95": 191.35450656758618
  },
  "decode_forward_time_ms": {
    "mean": 9.920963511961086,
    "p50": 10.014949482865632,
    "p90": 11.78837816696614,
    "p95": 12.12596712866798
  }
}
