{
  "num_requests": 120,
  "num_prefill_batches": 117,
  "num_decode_rounds": 5986,
  "prefill_latency_ms": {
    "mean": 81.49137232491437,
    "p50": 60.642856056801975,
    "p90": 184.6226721536368,
    "p95": 197.55107202799988
  },
  "decode_forward_time_ms": {
    "mean": 9.813865189187881,
    "p50": 10.007986449636519,
    "p90": 11.699229944497347,
    "p95": 11.986672936473042
  }
}
