{
  "num_requests": 120,
  "num_prefill_batches": 115,
  "num_decode_rounds": 4779,
  "prefill_latency_ms": {
    "mean": 212.37796361092478,
    "p50": 137.3543303925544,
    "p90": 521.4877536986024,
    "p95": 607.4227779405192
  },
  "decode_forward_time_ms": {
    "mean": 23.829040539570403,
    "p50": 23.77055585384369,
    "p90": 28.257955890148878,
    "p95": 28.950323048047718
  }
}
